title,url,description,image_url,image_local_path
.44 Mag,https://foxhole.wiki.gg/wiki/.44_Mag,,https://foxhole.wiki.gg/images/RevolverAmmoItemIcon.png?b190ce,foxhole_items\images\44_Mag.png
00MS “Stinger”,https://foxhole.wiki.gg/wiki/00MS_%E2%80%9CStinger%E2%80%9D,,https://foxhole.wiki.gg/images/MotorcycleOffensiveVehicleIcon.png?d856a2,foxhole_items\images\00MS_Stinger.png
12.7mm,https://foxhole.wiki.gg/wiki/12.7mm,,https://foxhole.wiki.gg/images/MachineGunAmmoIcon.png?e151f7,foxhole_items\images\12_7mm.png
120-68 “Koronides” Field Gun,https://foxhole.wiki.gg/wiki/120-68_%E2%80%9CKoronides%E2%80%9D_Field_Gun,,https://foxhole.wiki.gg/images/FieldArtilleryColVehicleIcon.png?fc3da1,foxhole_items\images\120-68_Koronides_Field_Gun.png
120mm,https://foxhole.wiki.gg/wiki/120mm,,https://foxhole.wiki.gg/images/LightArtilleryAmmoItemIcon.png?c00707,foxhole_items\images\120mm.png
14.5mm,https://foxhole.wiki.gg/wiki/14.5mm,,https://foxhole.wiki.gg/images/ATRifleAmmoItemIcon.png?48a8d6,foxhole_items\images\14_5mm.png
150mm,https://foxhole.wiki.gg/wiki/150mm,,https://foxhole.wiki.gg/images/HeavyArtilleryAmmoItemIcon.png?4552df,foxhole_items\images\150mm.png
20mm,https://foxhole.wiki.gg/wiki/20mm,,https://foxhole.wiki.gg/images/AircraftAmmoIcon.png?3c9a75,foxhole_items\images\20mm.png
228 Satterley Heavy Storm Rifle,https://foxhole.wiki.gg/wiki/228_Satterley_Heavy_Storm_Rifle,,https://foxhole.wiki.gg/images/ATRifleAssaultWIcontga.png?8f2968,foxhole_items\images\228_Satterley_Heavy_Storm_Rifle.png
250mm “Fury” Shell,https://foxhole.wiki.gg/wiki/250mm_%E2%80%9CFury%E2%80%9D_Shell,,https://foxhole.wiki.gg/images/MortarTankAmmoBRIcon.png?b17356,foxhole_items\images\250mm_Fury_Shell.png
250mm “Purity” Shell,https://foxhole.wiki.gg/wiki/250mm_%E2%80%9CPurity%E2%80%9D_Shell,,https://foxhole.wiki.gg/images/MortarTankIcon.png?b9d9a6,foxhole_items\images\250mm_Purity_Shell.png
30-250 “Tisiphone” Field Cannon,https://foxhole.wiki.gg/wiki/30-250_%E2%80%9CTisiphone%E2%80%9D_Field_Cannon,,https://foxhole.wiki.gg/images/FieldMortarCIcon.png?d24698,foxhole_items\images\30-250_Tisiphone_Field_Cannon.png
300mm,https://foxhole.wiki.gg/wiki/300mm,,https://foxhole.wiki.gg/images/LRArtilleryAmmoItemIcon.png?3cadc1,foxhole_items\images\300mm.png
30mm,https://foxhole.wiki.gg/wiki/30mm,,https://foxhole.wiki.gg/images/MiniTankAmmoItemIcon.png?9e6416,foxhole_items\images\30mm.png
3C-High Explosive Rocket,https://foxhole.wiki.gg/wiki/3C-High_Explosive_Rocket,,https://foxhole.wiki.gg/images/HERocketAmmoIcon.png?463901,foxhole_items\images\3C-High_Explosive_Rocket.png
40-250 “Alekto” Heavy Cannon,https://foxhole.wiki.gg/wiki/40-250_%E2%80%9CAlekto%E2%80%9D_Heavy_Cannon,,https://foxhole.wiki.gg/images/LargeFieldMortarCIcon.png?fbe6ac,foxhole_items\images\40-250_Alekto_Heavy_Cannon.png
40-45 “Smelter”,https://foxhole.wiki.gg/wiki/40-45_%E2%80%9CSmelter%E2%80%9D,,https://foxhole.wiki.gg/images/FieldATOffensiveCIcon.png?90fc43,foxhole_items\images\40-45_Smelter.png
40mm,https://foxhole.wiki.gg/wiki/40mm,,https://foxhole.wiki.gg/images/LightTankAmmoItemIcon.png?88a2c5,foxhole_items\images\40mm.png
4C-Fire Rocket,https://foxhole.wiki.gg/wiki/4C-Fire_Rocket,,https://foxhole.wiki.gg/images/FlameRocketAmmoIcon.png?935eac,foxhole_items\images\4C-Fire_Rocket.png
50-500 “Thunderbolt” Cannon,https://foxhole.wiki.gg/wiki/50-500_%E2%80%9CThunderbolt%E2%80%9D_Cannon,,https://foxhole.wiki.gg/images/HeavyArtilleryCIcon.png?3a8f49,foxhole_items\images\50-500_Thunderbolt_Cannon.png
68A-4 Ronan Fathomer,https://foxhole.wiki.gg/wiki/68A-4_Ronan_Fathomer,,https://foxhole.wiki.gg/images/LightBoatInfantryWVehicleIcon.png?cb1db8,foxhole_items\images\68A-4_Ronan_Fathomer.png
68mm,https://foxhole.wiki.gg/wiki/68mm,,https://foxhole.wiki.gg/images/ATAmmoIcon.png?996336,foxhole_items\images\68mm.png
7.62mm,https://foxhole.wiki.gg/wiki/7.62mm,,https://foxhole.wiki.gg/images/RifleAmmoItemIcon.png?6e2a55,foxhole_items\images\7_62mm.png
7.92mm,https://foxhole.wiki.gg/wiki/7.92mm,,https://foxhole.wiki.gg/images/AssaultRifleAmmoItemIcon.png?e79005,foxhole_items\images\7_92mm.png
74b-1 Ronan Gunship,https://foxhole.wiki.gg/wiki/74b-1_Ronan_Gunship,,https://foxhole.wiki.gg/images/GunboatWIcon.png?6f03f7,foxhole_items\images\74b-1_Ronan_Gunship.png
75mm,https://foxhole.wiki.gg/wiki/75mm,,https://foxhole.wiki.gg/images/BattleTankAmmoItemIcon.png?e87a58,foxhole_items\images\75mm.png
81f-f Ronan Blackguard,https://foxhole.wiki.gg/wiki/81f-f_Ronan_Blackguard,,https://foxhole.wiki.gg/images/Gunboat2WIcon.png?2bd262,foxhole_items\images\81f-f_Ronan_Blackguard.png
85K-a “Spatha”,https://foxhole.wiki.gg/wiki/85K-a_%E2%80%9CSpatha%E2%80%9D,,https://foxhole.wiki.gg/images/ColonialMediumTankOffensive.png?fc149a,foxhole_items\images\85K-a_Spatha.png
85K-b “Falchion”,https://foxhole.wiki.gg/wiki/85K-b_%E2%80%9CFalchion%E2%80%9D,,https://foxhole.wiki.gg/images/ColonialMediumTankIcon.png?5b6e6f,foxhole_items\images\85K-b_Falchion.png
85V-g “Talos”,https://foxhole.wiki.gg/wiki/85V-g_%E2%80%9CTalos%E2%80%9D,,https://foxhole.wiki.gg/images/MediumTankLargeCIcon.png?984cfe,foxhole_items\images\85V-g_Talos.png
86K-a “Bardiche”,https://foxhole.wiki.gg/wiki/86K-a_%E2%80%9CBardiche%E2%80%9D,,https://foxhole.wiki.gg/images/MediumTank2CIcon.png?2161df,foxhole_items\images\86K-a_Bardiche.png
86K-c “Ranseur”,https://foxhole.wiki.gg/wiki/86K-c_%E2%80%9CRanseur%E2%80%9D,,https://foxhole.wiki.gg/images/MediumTank2TwinCVehicleIcon.png?e175d6,foxhole_items\images\86K-c_Ranseur.png
8mm,https://foxhole.wiki.gg/wiki/8mm,,https://foxhole.wiki.gg/images/PistolAmmoItemIcon.png?e45fcc,foxhole_items\images\8mm.png
90T-v “Nemesis”,https://foxhole.wiki.gg/wiki/90T-v_%E2%80%9CNemesis%E2%80%9D,,https://foxhole.wiki.gg/images/MediumTank3CItemIcon.png?ddf976,foxhole_items\images\90T-v_Nemesis.png
912 Shrike Rounds,https://foxhole.wiki.gg/wiki/912_Shrike_Rounds,,https://foxhole.wiki.gg/images/thumb/PrototypeKitIcon.png/48px-PrototypeKitIcon.png?2d1d4c,foxhole_items\images\912_Shrike_Rounds.png
94.5mm,https://foxhole.wiki.gg/wiki/94.5mm,,https://foxhole.wiki.gg/images/ATLargeAmmoIcon.png?53ed83,foxhole_items\images\94_5mm.png
945g “Stygian Bolt”,https://foxhole.wiki.gg/wiki/945g_%E2%80%9CStygian_Bolt%E2%80%9D,,https://foxhole.wiki.gg/images/FieldATHeavyCIcon.png?3c9db2,foxhole_items\images\945g_Stygian_Bolt.png
950-70b Anti-Aircraft Shell,https://foxhole.wiki.gg/wiki/950-70b_Anti-Aircraft_Shell,,https://foxhole.wiki.gg/images/AAAmmoIcon.png?ba1e25,foxhole_items\images\950-70b_Anti-Aircraft_Shell.png
9mm,https://foxhole.wiki.gg/wiki/9mm,,https://foxhole.wiki.gg/images/SubMachineGunAmmoIcon.png?823243,foxhole_items\images\9mm.png
A3 Harpa Fragmentation Grenade,https://foxhole.wiki.gg/wiki/A3_Harpa_Fragmentation_Grenade,,https://foxhole.wiki.gg/images/GrenadeItemIcon.png?39b76d,foxhole_items\images\A3_Harpa_Fragmentation_Grenade.png
A51 Venti “Daedalus”,https://foxhole.wiki.gg/wiki/A51_Venti_%E2%80%9CDaedalus%E2%80%9D,,https://foxhole.wiki.gg/images/AircraftScoutCIcon.png?cd009a,foxhole_items\images\A51_Venti_Daedalus.png
AA-2 Battering Ram,https://foxhole.wiki.gg/wiki/AA-2_Battering_Ram,,https://foxhole.wiki.gg/images/FieldAntiTankColVehicleIcon.png?6448f9,foxhole_items\images\AA-2_Battering_Ram.png
AB-11 “Doru”,https://foxhole.wiki.gg/wiki/AB-11_%E2%80%9CDoru%E2%80%9D,,https://foxhole.wiki.gg/images/LandingCraftOffensiveVehicleIcon.png?ef3f7a,foxhole_items\images\AB-11_Doru.png
AC-b “Trident”,https://foxhole.wiki.gg/wiki/AC-b_%E2%80%9CTrident%E2%80%9D,,https://foxhole.wiki.gg/images/LargeShipSubmarineCIcon.png?bf4b35,foxhole_items\images\AC-b_Trident.png
AP⧸RPG,https://foxhole.wiki.gg/wiki/AP%E2%A7%B8RPG,,https://foxhole.wiki.gg/images/ATRpgAmmoItemIcon.png?7e0381,foxhole_items\images\AP_RPG.png
ARC⧸RPG,https://foxhole.wiki.gg/wiki/ARC%E2%A7%B8RPG,,https://foxhole.wiki.gg/images/ATMortarAmmoItemIcon.png?fa7398,foxhole_items\images\ARC_RPG.png
Aalto Storm Rifle 24,https://foxhole.wiki.gg/wiki/Aalto_Storm_Rifle_24,,https://foxhole.wiki.gg/images/AssaultRifleItemIcon.png?732100,foxhole_items\images\Aalto_Storm_Rifle_24.png
Abisme AT-99,https://foxhole.wiki.gg/wiki/Abisme_AT-99,,https://foxhole.wiki.gg/images/AntiTankMineItemIcon.png?2c9f3b,foxhole_items\images\Abisme_AT-99.png
Absol Anti-Aircraft Rounds,https://foxhole.wiki.gg/wiki/Absol_Anti-Aircraft_Rounds,,https://foxhole.wiki.gg/images/LightAAAmmoIcon.png?2ec58f,foxhole_items\images\Absol_Anti-Aircraft_Rounds.png
Aegis Steelbreaker K5a,https://foxhole.wiki.gg/wiki/Aegis_Steelbreaker_K5a,,https://foxhole.wiki.gg/images/CombatCarCVehicleIcon.png?1ebf57,foxhole_items\images\Aegis_Steelbreaker_K5a.png
Ahti Model 2,https://foxhole.wiki.gg/wiki/Ahti_Model_2,,https://foxhole.wiki.gg/images/PistolWItemIcon.png?35b6dd,foxhole_items\images\Ahti_Model_2.png
Air Raid Siren,https://foxhole.wiki.gg/wiki/Air_Raid_Siren,,https://foxhole.wiki.gg/images/AirSirenTIcon.png?228b97,foxhole_items\images\Air_Raid_Siren.png
Aircraft Part,https://foxhole.wiki.gg/wiki/Aircraft_Part,An Aircraft Part is a type of item that is used as a component to assemble Aircraft.,https://foxhole.wiki.gg/images/thumb/PrototypeKitIcon.png/48px-PrototypeKitIcon.png?2d1d4c,foxhole_items\images\Aircraft_Part.png
Alligator Charge,https://foxhole.wiki.gg/wiki/Alligator_Charge,,https://foxhole.wiki.gg/images/SatchelCharge.png?3fa682,foxhole_items\images\Alligator_Charge.png
Aluminum,https://foxhole.wiki.gg/wiki/Aluminum,,https://foxhole.wiki.gg/images/ResouceAluminumIcon.png?64400c,foxhole_items\images\Aluminum.png
Aluminum Alloy,https://foxhole.wiki.gg/wiki/Aluminum_Alloy,,https://foxhole.wiki.gg/images/ResouceAluminumRefinedIcon.png?ac6736,foxhole_items\images\Aluminum_Alloy.png
Ammunition,https://foxhole.wiki.gg/wiki/Ammunition,"Ammunition is used by Weapons, Vehicles, and player manned defenses. Garrisoned defenses do not need ammunition. Each ammo type may or may not stack in player's inventory depending on their uniform, and in vehicle or structure's inventory depending on their type.",https://foxhole.wiki.gg/images/thumb/RevolverAmmoItemIcon.png/24px-RevolverAmmoItemIcon.png?b190ce,foxhole_items\images\Ammunition.png
Anti-Tank RPG,https://foxhole.wiki.gg/wiki/Anti-Tank_RPG,,https://foxhole.wiki.gg/images/thumb/ATRpgItemIcon.png/24px-ATRpgItemIcon.png?d35704,foxhole_items\images\Anti-Tank_RPG.png
Anti-Tank Rifle,https://foxhole.wiki.gg/wiki/Anti-Tank_Rifle,Anti-Tank Rifles (abbreviated as ATR) are a class of anti-tank firearms that fire 14.5mm ammunition.,https://foxhole.wiki.gg/images/thumb/ATRifleLightCIcon.png/24px-ATRifleLightCIcon.png?fb320c,foxhole_items\images\Anti-Tank_Rifle.png
Anti-Tank Sticky Bomb,https://foxhole.wiki.gg/wiki/Anti-Tank_Sticky_Bomb,,https://foxhole.wiki.gg/images/StickyBombIcon.png?af5c47,foxhole_items\images\Anti-Tank_Sticky_Bomb.png
Argenti r.II Rifle,https://foxhole.wiki.gg/wiki/Argenti_r.II_Rifle,,https://foxhole.wiki.gg/images/RifleCItemIcon.png?72bbf1,foxhole_items\images\Argenti_r_II_Rifle.png
Armour Uniform,https://foxhole.wiki.gg/wiki/Armour_Uniform,The Armour Uniform is a type of uniform designed to give the wearer additional protection against enemy fire at the cost of additional weight.,https://foxhole.wiki.gg/images/thumb/ArmourUniformW.png/120px-ArmourUniformW.png?d249dc,foxhole_items\images\Armour_Uniform.png
Armoured Fighting Tractor,https://foxhole.wiki.gg/wiki/Armoured_Fighting_Tractor,,https://foxhole.wiki.gg/images/thumb/RelicCarVehicleIcon.png/48px-RelicCarVehicleIcon.png?a77df7,foxhole_items\images\Armoured_Fighting_Tractor.png
Assault Rifle,https://foxhole.wiki.gg/wiki/Assault_Rifle,,https://foxhole.wiki.gg/images/thumb/AssaultRifleHeavyCItemIcon.png/24px-AssaultRifleHeavyCItemIcon.png?6655c8,foxhole_items\images\Assault_Rifle.png
Assembly Materials,https://foxhole.wiki.gg/wiki/Assembly_Materials,Assembly Materials are a special class of advanced materials that are crafted and used in Facilities.,https://foxhole.wiki.gg/images/AssemblyMaterials1Icon.png?d9f547,foxhole_items\images\Assembly_Materials.png
Assembly Materials I,https://foxhole.wiki.gg/wiki/Assembly_Materials_I,,https://foxhole.wiki.gg/images/AssemblyMaterials1Icon.png?d9f547,foxhole_items\images\Assembly_Materials_I.png
Assembly Materials II,https://foxhole.wiki.gg/wiki/Assembly_Materials_II,,https://foxhole.wiki.gg/images/AssemblyMaterials2Icon.png?dbb2da,foxhole_items\images\Assembly_Materials_II.png
Assembly Materials III,https://foxhole.wiki.gg/wiki/Assembly_Materials_III,,https://foxhole.wiki.gg/images/AssemblyMaterials3Icon.png?6f1a56,foxhole_items\images\Assembly_Materials_III.png
Assembly Materials IV,https://foxhole.wiki.gg/wiki/Assembly_Materials_IV,,https://foxhole.wiki.gg/images/AssemblyMaterials4Icon.png?37281f,foxhole_items\images\Assembly_Materials_IV.png
Assembly Materials V,https://foxhole.wiki.gg/wiki/Assembly_Materials_V,,https://foxhole.wiki.gg/images/AssemblyMaterials5Icon.png?98d3d7,foxhole_items\images\Assembly_Materials_V.png
Auster's Harness,https://foxhole.wiki.gg/wiki/Auster%27s_Harness,,https://foxhole.wiki.gg/images/ParatrooperUniformCIcon.png?fcee2f,foxhole_items\images\Auster_s_Harness.png
Aviator's Raiment,https://foxhole.wiki.gg/wiki/Aviator%27s_Raiment,,https://foxhole.wiki.gg/images/PilotUniformWIcon.png?d81ad9,foxhole_items\images\Aviator_s_Raiment.png
B2 Varsi Anti-Tank Grenade,https://foxhole.wiki.gg/wiki/B2_Varsi_Anti-Tank_Grenade,,https://foxhole.wiki.gg/images/ATLaunchedGrenadeWIcon.png?82d65f,foxhole_items\images\B2_Varsi_Anti-Tank_Grenade.png
BF5 White Ash Flask Grenade,https://foxhole.wiki.gg/wiki/BF5_White_Ash_Flask_Grenade,,https://foxhole.wiki.gg/images/ATGrenadeWIcon.png?656e1c,foxhole_items\images\BF5_White_Ash_Flask_Grenade.png
BMS - Bluefin,https://foxhole.wiki.gg/wiki/BMS_-_Bluefin,,https://foxhole.wiki.gg/images/LargeShipStorageShipIcon.png?2947d6,foxhole_items\images\BMS_-_Bluefin.png
BMS - Longhook,https://foxhole.wiki.gg/wiki/BMS_-_Longhook,,https://foxhole.wiki.gg/images/LargeShipBaseShipIcon.png?e04280,foxhole_items\images\BMS_-_Longhook.png
BMS Holdout,https://foxhole.wiki.gg/wiki/BMS_Holdout,,https://foxhole.wiki.gg/images/InfantryCarVehicleIcon.png?219fbc,foxhole_items\images\BMS_Holdout.png
Balfour Falconer 250mm,https://foxhole.wiki.gg/wiki/Balfour_Falconer_250mm,,https://foxhole.wiki.gg/images/FieldMortarWIcon.png?56a820,foxhole_items\images\Balfour_Falconer_250mm.png
Balfour Rampart 68mm,https://foxhole.wiki.gg/wiki/Balfour_Rampart_68mm,,https://foxhole.wiki.gg/images/FieldCannonOffensiveWIcon.png?430b0d,foxhole_items\images\Balfour_Rampart_68mm.png
Balfour Stockade 75mm,https://foxhole.wiki.gg/wiki/Balfour_Stockade_75mm,,https://foxhole.wiki.gg/images/FieldCannonHeavyWIcon.png?2d4ad5,foxhole_items\images\Balfour_Stockade_75mm.png
Balfour Wolfhound 40mm,https://foxhole.wiki.gg/wiki/Balfour_Wolfhound_40mm,,https://foxhole.wiki.gg/images/FieldCannonWVehicleIcon.png?fd561f,foxhole_items\images\Balfour_Wolfhound_40mm.png
Bandages,https://foxhole.wiki.gg/wiki/Bandages,,https://foxhole.wiki.gg/images/BandagesItemIcon.png?e356da,foxhole_items\images\Bandages.png
Bandages/it,https://foxhole.wiki.gg/wiki/Bandages/it,"NOTA

A causa della mancanza della localizzazione italiana del gioco, si è deciso di abbinare fra parentesi i termini importanti in lingua originale in modo da avere un riferimento chiaro con i termini usati in gioco. 

 
Le Bende sono un oggetto medico usate per fermare il sanguinamento (bleeding) su se stessi e funge da munizione per il Kit di Primo Soccorso (First Aid Kit).",https://foxhole.wiki.gg/images/BandagesItemIcon.png?e356da,foxhole_items\images\Bandages_it.png
Bane 45,https://foxhole.wiki.gg/wiki/Bane_45,,https://foxhole.wiki.gg/images/ATRpgItemIcon.png?d35704,foxhole_items\images\Bane_45.png
Barbed Wire (Material),https://foxhole.wiki.gg/wiki/Barbed_Wire_(Material),,https://foxhole.wiki.gg/images/BarbedWireMaterialItemIcon.png?98fe9d,foxhole_items\images\Barbed_Wire_Material.png
Basic Materials,https://foxhole.wiki.gg/wiki/Basic_Materials,,https://foxhole.wiki.gg/images/BasicMaterialsIcon.png?b246f1,foxhole_items\images\Basic_Materials.png
Bellweather by VAC,https://foxhole.wiki.gg/wiki/Bellweather_by_VAC,,https://foxhole.wiki.gg/images/MineboatIcon.png?6f61d6,foxhole_items\images\Bellweather_by_VAC.png
Binoculars,https://foxhole.wiki.gg/wiki/Binoculars,,https://foxhole.wiki.gg/images/BinocularsItemIcon.png?a7e8fd,foxhole_items\images\Binoculars.png
Blacksteele,https://foxhole.wiki.gg/wiki/Blacksteele,,https://foxhole.wiki.gg/images/LargeShipDestroyerWIcon.png?7c264d,foxhole_items\images\Blacksteele.png
Blakerow 871,https://foxhole.wiki.gg/wiki/Blakerow_871,,https://foxhole.wiki.gg/images/CarbineItemIcon.png?d343a2,foxhole_items\images\Blakerow_871.png
Blood Plasma,https://foxhole.wiki.gg/wiki/Blood_Plasma,,https://foxhole.wiki.gg/images/BloodPlasmaItemIcon.png?3f8716,foxhole_items\images\Blood_Plasma.png
Bomastone Grenade,https://foxhole.wiki.gg/wiki/Bomastone_Grenade,,https://foxhole.wiki.gg/images/GrenadeCItemIcon.png?42b939,foxhole_items\images\Bomastone_Grenade.png
Bonesaw MK.3,https://foxhole.wiki.gg/wiki/Bonesaw_MK.3,,https://foxhole.wiki.gg/images/ATMortarItemIcon.png?2b41ad,foxhole_items\images\Bonesaw_MK_3.png
Booker Greyhound Model 910,https://foxhole.wiki.gg/wiki/Booker_Greyhound_Model_910,,https://foxhole.wiki.gg/images/ATRifleAutomaticWItemIcon.png?1da780,foxhole_items\images\Booker_Greyhound_Model_910.png
Booker Storm Rifle Model 838,https://foxhole.wiki.gg/wiki/Booker_Storm_Rifle_Model_838,,https://foxhole.wiki.gg/images/AssaultRifleHeavyWItemIcon.png?e70de5,foxhole_items\images\Booker_Storm_Rifle_Model_838.png
Buckhorn CCQ-18,https://foxhole.wiki.gg/wiki/Buckhorn_CCQ-18,,https://foxhole.wiki.gg/images/BayonetIcon.png?63a155,foxhole_items\images\Buckhorn_CCQ-18.png
Buckshot,https://foxhole.wiki.gg/wiki/Buckshot,,https://foxhole.wiki.gg/images/ShotgunAmmoItemIcon.png?c082cc,foxhole_items\images\Buckshot.png
Callahan (Battleship),https://foxhole.wiki.gg/wiki/Callahan_(Battleship),,https://foxhole.wiki.gg/images/LargeShipBattleshipWIcon.png?75567c,foxhole_items\images\Callahan_Battleship.png
Caoivish Parka,https://foxhole.wiki.gg/wiki/Caoivish_Parka,,https://foxhole.wiki.gg/images/SnowUniformWIcon.png?479b41,foxhole_items\images\Caoivish_Parka.png
Carnyx Anti-Tank Rocket Launcher,https://foxhole.wiki.gg/wiki/Carnyx_Anti-Tank_Rocket_Launcher,,https://foxhole.wiki.gg/images/ATRPGHeavyWIcon.png?1c5289,foxhole_items\images\Carnyx_Anti-Tank_Rocket_Launcher.png
Cascadier 873,https://foxhole.wiki.gg/wiki/Cascadier_873,,https://foxhole.wiki.gg/images/PistolLightWItemIcon.png?87f946,foxhole_items\images\Cascadier_873.png
Catara mo.II,https://foxhole.wiki.gg/wiki/Catara_mo.II,,https://foxhole.wiki.gg/images/LightMachineGunIcon.png?7de463,foxhole_items\images\Catara_mo_II.png
Catena rt.IV Auto-Rifle,https://foxhole.wiki.gg/wiki/Catena_rt.IV_Auto-Rifle,,https://foxhole.wiki.gg/images/RifleAutomaticCIcon.png?35190a,foxhole_items\images\Catena_rt_IV_Auto-Rifle.png
Centurion MV-2,https://foxhole.wiki.gg/wiki/Centurion_MV-2,,https://foxhole.wiki.gg/images/MapIconFortCursed.png?63d3a7,foxhole_items\images\Centurion_MV-2.png
Clancy Cinder M3,https://foxhole.wiki.gg/wiki/Clancy_Cinder_M3,,https://foxhole.wiki.gg/images/RifleLongW.png?1a4b01,foxhole_items\images\Clancy_Cinder_M3.png
Clancy-Raca M4,https://foxhole.wiki.gg/wiki/Clancy-Raca_M4,,https://foxhole.wiki.gg/images/SniperRifleItemIcon.png?3a4c7d,foxhole_items\images\Clancy-Raca_M4.png
Cloudrunner's Vesture,https://foxhole.wiki.gg/wiki/Cloudrunner%27s_Vesture,,https://foxhole.wiki.gg/images/ParatrooperUniformWIcon.png?81ea76,foxhole_items\images\Cloudrunner_s_Vesture.png
Coal,https://foxhole.wiki.gg/wiki/Coal,,https://foxhole.wiki.gg/images/CoalIcon.png?4cfccd,foxhole_items\images\Coal.png
Coal Field,https://foxhole.wiki.gg/wiki/Coal_Field,,https://foxhole.wiki.gg/images/Coal_Field.png?db458f,foxhole_items\images\Coal_Field.png
Coke,https://foxhole.wiki.gg/wiki/Coke,,https://foxhole.wiki.gg/images/CokeIcon.png?c60b3a,foxhole_items\images\Coke.png
Collins Cannon 68mm,https://foxhole.wiki.gg/wiki/Collins_Cannon_68mm,,https://foxhole.wiki.gg/images/FieldAntiTankWarVehicleIcon.png?a945d3,foxhole_items\images\Collins_Cannon_68mm.png
Colonial Aircraft Engine (Large),https://foxhole.wiki.gg/wiki/Colonial_Aircraft_Engine_(Large),,https://foxhole.wiki.gg/images/thumb/PrototypeKitIcon.png/48px-PrototypeKitIcon.png?2d1d4c,foxhole_items\images\Colonial_Aircraft_Engine_Large.png
Colonial Aircraft Engine (Small),https://foxhole.wiki.gg/wiki/Colonial_Aircraft_Engine_(Small),,https://foxhole.wiki.gg/images/thumb/PrototypeKitIcon.png/48px-PrototypeKitIcon.png?2d1d4c,foxhole_items\images\Colonial_Aircraft_Engine_Small.png
Colonial Aircraft Mechanical Parts (Large),https://foxhole.wiki.gg/wiki/Colonial_Aircraft_Mechanical_Parts_(Large),,https://foxhole.wiki.gg/images/thumb/PrototypeKitIcon.png/48px-PrototypeKitIcon.png?2d1d4c,foxhole_items\images\Colonial_Aircraft_Mechanical_Parts_Large.png
Colonial Aircraft Mechanical Parts (Small),https://foxhole.wiki.gg/wiki/Colonial_Aircraft_Mechanical_Parts_(Small),,https://foxhole.wiki.gg/images/thumb/PrototypeKitIcon.png/48px-PrototypeKitIcon.png?2d1d4c,foxhole_items\images\Colonial_Aircraft_Mechanical_Parts_Small.png
Cometa T2-9,https://foxhole.wiki.gg/wiki/Cometa_T2-9,,https://foxhole.wiki.gg/images/RevolverItemIcon.png?977458,foxhole_items\images\Cometa_T2-9.png
Component Field,https://foxhole.wiki.gg/wiki/Component_Field,,https://foxhole.wiki.gg/images/Components_Field.png?a6657f,foxhole_items\images\Component_Field.png
Component Mine,https://foxhole.wiki.gg/wiki/Component_Mine,,https://foxhole.wiki.gg/images/ComponentMineIcon.png?479488,foxhole_items\images\Component_Mine.png
Components,https://foxhole.wiki.gg/wiki/Components,,https://foxhole.wiki.gg/images/ComponentsIcon.png?ff5836,foxhole_items\images\Components.png
Concrete Materials,https://foxhole.wiki.gg/wiki/Concrete_Materials,,https://foxhole.wiki.gg/images/ConcreteBagIcon.png?a37cdc,foxhole_items\images\Concrete_Materials.png
Conqueror,https://foxhole.wiki.gg/wiki/Conqueror,,https://foxhole.wiki.gg/images/LargeShipDestroyerCIcon.png?372686,foxhole_items\images\Conqueror.png
Construction Materials,https://foxhole.wiki.gg/wiki/Construction_Materials,,https://foxhole.wiki.gg/images/ConstructionMaterialsIcon.png?571daa,foxhole_items\images\Construction_Materials.png
Copper,https://foxhole.wiki.gg/wiki/Copper,,https://foxhole.wiki.gg/images/ResourceCopperIcon.png?89aa3c,foxhole_items\images\Copper.png
Copper Alloy,https://foxhole.wiki.gg/wiki/Copper_Alloy,,https://foxhole.wiki.gg/images/ResourceCopperRefinedIcon.png?823a5c,foxhole_items\images\Copper_Alloy.png
Crate,https://foxhole.wiki.gg/wiki/Crate,,https://foxhole.wiki.gg/images/CrateItemIcon.png?9d3eda,foxhole_items\images\Crate.png
Cremari Mortar,https://foxhole.wiki.gg/wiki/Cremari_Mortar,,https://foxhole.wiki.gg/images/MortarItemIcon.png?76316a,foxhole_items\images\Cremari_Mortar.png
Critically Wounded Soldier,https://foxhole.wiki.gg/wiki/Critically_Wounded_Soldier,,https://foxhole.wiki.gg/images/CriticallyWoundedIcon.png?d5d099,foxhole_items\images\Critically_Wounded_Soldier.png
Crow's Foot Mine,https://foxhole.wiki.gg/wiki/Crow%27s_Foot_Mine,,https://foxhole.wiki.gg/images/InfantryMineIcon.png?5d4414,foxhole_items\images\Crow_s_Foot_Mine.png
Cullen Predator Mk. III,https://foxhole.wiki.gg/wiki/Cullen_Predator_Mk._III,,https://foxhole.wiki.gg/images/SuperTankWVehicleIcon.png?295840,foxhole_items\images\Cullen_Predator_Mk_III.png
Cutler Foebreaker,https://foxhole.wiki.gg/wiki/Cutler_Foebreaker,,https://foxhole.wiki.gg/images/ATRPGTWIcon.png?1fed2f,foxhole_items\images\Cutler_Foebreaker.png
Cutler Launcher 4,https://foxhole.wiki.gg/wiki/Cutler_Launcher_4,,https://foxhole.wiki.gg/images/RpgItemIcon.png?d7d19d,foxhole_items\images\Cutler_Launcher_4.png
DAE 1b-2 “Serra”,https://foxhole.wiki.gg/wiki/DAE_1b-2_%E2%80%9CSerra%E2%80%9D,,https://foxhole.wiki.gg/images/EmplacedInfantryCIcon.png?46c5c2,foxhole_items\images\DAE_1b-2_Serra.png
DAE 1o-3 “Polybolos”,https://foxhole.wiki.gg/wiki/DAE_1o-3_%E2%80%9CPolybolos%E2%80%9D,,https://foxhole.wiki.gg/images/EmplacedIndirectCIcon.png?9c0e32,foxhole_items\images\DAE_1o-3_Polybolos.png
DAE 2a-1 “Ruptura”,https://foxhole.wiki.gg/wiki/DAE_2a-1_%E2%80%9CRuptura%E2%80%9D,,https://foxhole.wiki.gg/images/EmplacedCannonLargeC.png?ce3cf9,foxhole_items\images\DAE_2a-1_Ruptura.png
DAE 3b-2 “Hades' Net”,https://foxhole.wiki.gg/wiki/DAE_3b-2_%E2%80%9CHades%27_Net%E2%80%9D,,https://foxhole.wiki.gg/images/EmplacedMultiCStructureIcon.png?9f2fe2,foxhole_items\images\DAE_3b-2_Hades_Net.png
Damaged Colonial Aircraft Engine (Large),https://foxhole.wiki.gg/wiki/Damaged_Colonial_Aircraft_Engine_(Large),,https://foxhole.wiki.gg/images/thumb/PrototypeKitIcon.png/48px-PrototypeKitIcon.png?2d1d4c,foxhole_items\images\Damaged_Colonial_Aircraft_Engine_Large.png
Damaged Colonial Aircraft Engine (Small),https://foxhole.wiki.gg/wiki/Damaged_Colonial_Aircraft_Engine_(Small),,https://foxhole.wiki.gg/images/thumb/PrototypeKitIcon.png/48px-PrototypeKitIcon.png?2d1d4c,foxhole_items\images\Damaged_Colonial_Aircraft_Engine_Small.png
Damaged Colonial Aircraft Mechanical Parts (Large),https://foxhole.wiki.gg/wiki/Damaged_Colonial_Aircraft_Mechanical_Parts_(Large),,https://foxhole.wiki.gg/images/thumb/PrototypeKitIcon.png/48px-PrototypeKitIcon.png?2d1d4c,foxhole_items\images\Damaged_Colonial_Aircraft_Mechanical_Parts_Large.png
Damaged Colonial Aircraft Mechanical Parts (Small),https://foxhole.wiki.gg/wiki/Damaged_Colonial_Aircraft_Mechanical_Parts_(Small),,https://foxhole.wiki.gg/images/thumb/PrototypeKitIcon.png/48px-PrototypeKitIcon.png?2d1d4c,foxhole_items\images\Damaged_Colonial_Aircraft_Mechanical_Parts_Small.png
Damaged Components,https://foxhole.wiki.gg/wiki/Damaged_Components,,https://foxhole.wiki.gg/images/ComponentsDamagedIcon.png?19ab24,foxhole_items\images\Damaged_Components.png
Damaged Warden Aircraft Engine (Large),https://foxhole.wiki.gg/wiki/Damaged_Warden_Aircraft_Engine_(Large),,https://foxhole.wiki.gg/images/thumb/PrototypeKitIcon.png/48px-PrototypeKitIcon.png?2d1d4c,foxhole_items\images\Damaged_Warden_Aircraft_Engine_Large.png
Damaged Warden Aircraft Engine (Small),https://foxhole.wiki.gg/wiki/Damaged_Warden_Aircraft_Engine_(Small),,https://foxhole.wiki.gg/images/thumb/PrototypeKitIcon.png/48px-PrototypeKitIcon.png?2d1d4c,foxhole_items\images\Damaged_Warden_Aircraft_Engine_Small.png
Damaged Warden Aircraft Mechanical Parts (Large),https://foxhole.wiki.gg/wiki/Damaged_Warden_Aircraft_Mechanical_Parts_(Large),,https://foxhole.wiki.gg/images/thumb/PrototypeKitIcon.png/48px-PrototypeKitIcon.png?2d1d4c,foxhole_items\images\Damaged_Warden_Aircraft_Mechanical_Parts_Large.png
Damaged Warden Aircraft Mechanical Parts (Small),https://foxhole.wiki.gg/wiki/Damaged_Warden_Aircraft_Mechanical_Parts_(Small),,https://foxhole.wiki.gg/images/thumb/PrototypeKitIcon.png/48px-PrototypeKitIcon.png?2d1d4c,foxhole_items\images\Damaged_Warden_Aircraft_Mechanical_Parts_Small.png
Daucus isg.III,https://foxhole.wiki.gg/wiki/Daucus_isg.III,,https://foxhole.wiki.gg/images/InfantrySupportGunItemIcon.png?e19c0a,foxhole_items\images\Daucus_isg_III.png
Devitt Ironhide Mk. IV,https://foxhole.wiki.gg/wiki/Devitt_Ironhide_Mk._IV,,https://foxhole.wiki.gg/images/LightTankWarDefensiveVehicleIcon.png?a6ee34,foxhole_items\images\Devitt_Ironhide_Mk_IV.png
Devitt Mk. III,https://foxhole.wiki.gg/wiki/Devitt_Mk._III,,https://foxhole.wiki.gg/images/LightTankWarVehicleIcon.png?6e7889,foxhole_items\images\Devitt_Mk_III.png
Devitt-Caine Mk. IV MMR,https://foxhole.wiki.gg/wiki/Devitt-Caine_Mk._IV_MMR,,https://foxhole.wiki.gg/images/LightTankArtilleryWar.png?d9f92d,foxhole_items\images\Devitt-Caine_Mk_IV_MMR.png
Diesel,https://foxhole.wiki.gg/wiki/Diesel,,https://foxhole.wiki.gg/images/ResourceFuelIcon.png?a1fe12,foxhole_items\images\Diesel.png
Drummond Spitfire 100d,https://foxhole.wiki.gg/wiki/Drummond_Spitfire_100d,,https://foxhole.wiki.gg/images/ScoutVehicleOffensiveWarVehicleIcon.png?51f5b1,foxhole_items\images\Drummond_Spitfire_100d.png
Duncan's Coin 14.5mm,https://foxhole.wiki.gg/wiki/Duncan%27s_Coin_14.5mm,,https://foxhole.wiki.gg/images/FieldAT2WIcon.png?99fa32,foxhole_items\images\Duncan_s_Coin_14_5mm.png
E680-S Rudder Lock,https://foxhole.wiki.gg/wiki/E680-S_Rudder_Lock,,https://foxhole.wiki.gg/images/SeaMineIcon.png?a23df3,foxhole_items\images\E680-S_Rudder_Lock.png
E681-B Hullbreaker Mine,https://foxhole.wiki.gg/wiki/E681-B_Hullbreaker_Mine,,https://foxhole.wiki.gg/images/SurfaceMineIcon.png?7eae64,foxhole_items\images\E681-B_Hullbreaker_Mine.png
Eleos Infantry Dagger,https://foxhole.wiki.gg/wiki/Eleos_Infantry_Dagger,,https://foxhole.wiki.gg/images/StilSwordCIcon.png?fa1111,foxhole_items\images\Eleos_Infantry_Dagger.png
Emplaced Heavy Artillery,https://foxhole.wiki.gg/wiki/Emplaced_Heavy_Artillery,"The Emplaced Heavy Artillery is a class of emplacement utilizing 150mm ammuniton, ideal for seiging down concrete. These weapons serve a notable benchmark for the beginning of late war.",https://foxhole.wiki.gg/images/thumb/HeavyArtilleryW.png/120px-HeavyArtilleryW.png?271619,foxhole_items\images\Emplaced_Heavy_Artillery.png
Emplacement House,https://foxhole.wiki.gg/wiki/Emplacement_House,,https://foxhole.wiki.gg/images/Emplacement_House_screenshot.jpg?dc0942,foxhole_items\images\Emplacement_House.jpg
Engineer Uniform,https://foxhole.wiki.gg/wiki/Engineer_Uniform,"The Engineer Uniform is a type of Uniform that designed to reduce the Weight of certain construction and facility materials, aiding the wearer in various construction roles.",https://foxhole.wiki.gg/images/thumb/EngineerUniformCIcon.png/120px-EngineerUniformCIcon.png?3c4789,foxhole_items\images\Engineer_Uniform.png
Enriched Oil,https://foxhole.wiki.gg/wiki/Enriched_Oil,,https://foxhole.wiki.gg/images/EnrichedOilIcon.png?4dd33e,foxhole_items\images\Enriched_Oil.png
Excavator,https://foxhole.wiki.gg/wiki/Excavator,,,
Explosive Powder,https://foxhole.wiki.gg/wiki/Explosive_Powder,,https://foxhole.wiki.gg/images/ExplosiveMaterialIcon.png?2de2ce,foxhole_items\images\Explosive_Powder.png
Extra Large Item,https://foxhole.wiki.gg/wiki/Extra_Large_Item,"An Extra Large Item is an item so massive that it cannot be held by the Player, does not fit in any inventory, and can only be in stockpiles.",https://foxhole.wiki.gg/images/thumb/MaterialTrailerIcon.png/24px-MaterialTrailerIcon.png?d81465,foxhole_items\images\Extra_Large_Item.png
Fabri Rucksack,https://foxhole.wiki.gg/wiki/Fabri_Rucksack,,https://foxhole.wiki.gg/images/EngineerUniformCIcon.png?3c4789,foxhole_items\images\Fabri_Rucksack.png
Facility Power,https://foxhole.wiki.gg/wiki/Facility_Power,,https://foxhole.wiki.gg/images/IconFilterPower.png?6abf94,foxhole_items\images\Facility_Power.png
Falias Raiding Club,https://foxhole.wiki.gg/wiki/Falias_Raiding_Club,,https://foxhole.wiki.gg/images/TrenchMaceWIcon.png?6557d6,foxhole_items\images\Falias_Raiding_Club.png
Ferro 879,https://foxhole.wiki.gg/wiki/Ferro_879,,https://foxhole.wiki.gg/images/PistolItemIcon.png?26eb4b,foxhole_items\images\Ferro_879.png
Fiddler Submachine Gun Model 868,https://foxhole.wiki.gg/wiki/Fiddler_Submachine_Gun_Model_868,,https://foxhole.wiki.gg/images/SubMachineGunIcon.png?2748f2,foxhole_items\images\Fiddler_Submachine_Gun_Model_868.png
First Aid Kit,https://foxhole.wiki.gg/wiki/First_Aid_Kit,,https://foxhole.wiki.gg/images/FirstAidKitItem.png?d7f02e,foxhole_items\images\First_Aid_Kit.png
Fists,https://foxhole.wiki.gg/wiki/Fists,,https://foxhole.wiki.gg/images/FistItemIcon.png?4395e8,foxhole_items\images\Fists.png
Flame Ammo,https://foxhole.wiki.gg/wiki/Flame_Ammo,,https://foxhole.wiki.gg/images/FlameAmmoIcon.png?eb71d1,foxhole_items\images\Flame_Ammo.png
Flamethrower,https://foxhole.wiki.gg/wiki/Flamethrower,"Flamethrowers are a type of handheld weapon that shoot flames instead of bullets. Unlike other infantry weapons, it does not have an internal ammo count.",https://foxhole.wiki.gg/images/thumb/FlamegunCICon.png/24px-FlamegunCICon.png?7fc955,foxhole_items\images\Flamethrower.png
Flamethrower Ammo,https://foxhole.wiki.gg/wiki/Flamethrower_Ammo,Flamethrower Ammo is a type of ammunition specifically used by Flamethrowers.,https://foxhole.wiki.gg/images/thumb/FlamePackCIcon.png/120px-FlamePackCIcon.png?108df5,foxhole_items\images\Flamethrower_Ammo.png
Flare Mortar Shell,https://foxhole.wiki.gg/wiki/Flare_Mortar_Shell,,https://foxhole.wiki.gg/images/MortarAmmoIconFlare.png?f47f7e,foxhole_items\images\Flare_Mortar_Shell.png
Flight Mask,https://foxhole.wiki.gg/wiki/Flight_Mask,,https://foxhole.wiki.gg/images/PilotMaskIcon.png?4ab270,foxhole_items\images\Flight_Mask.png
Flood Juggernaut Mk. VII,https://foxhole.wiki.gg/wiki/Flood_Juggernaut_Mk._VII,,https://foxhole.wiki.gg/images/BattleTankWarDefensiveVehicleIcon.png?27cc26,foxhole_items\images\Flood_Juggernaut_Mk_VII.png
Flood Mk. I,https://foxhole.wiki.gg/wiki/Flood_Mk._I,,https://foxhole.wiki.gg/images/BattleTankWar.png?e91f0a,foxhole_items\images\Flood_Mk_I.png
Flood Mk. IX Stain,https://foxhole.wiki.gg/wiki/Flood_Mk._IX_Stain,,https://foxhole.wiki.gg/images/BattleTankHeavyArtilleryWIcon.png?973d96,foxhole_items\images\Flood_Mk_IX_Stain.png
Fuscina pi.I,https://foxhole.wiki.gg/wiki/Fuscina_pi.I,,https://foxhole.wiki.gg/images/RifleLightCItemIcon.png?ef8350,foxhole_items\images\Fuscina_pi_I.png
G40 “Sagittarii”,https://foxhole.wiki.gg/wiki/G40_%E2%80%9CSagittarii%E2%80%9D,,https://foxhole.wiki.gg/images/FieldMachineGun.png?81becc,foxhole_items\images\G40_Sagittarii.png
GA6 “Cestus”,https://foxhole.wiki.gg/wiki/GA6_%E2%80%9CCestus%E2%80%9D,,https://foxhole.wiki.gg/images/FieldAT2CIcon.png?d06efd,foxhole_items\images\GA6_Cestus.png
Gallagher Brigand Mk. I,https://foxhole.wiki.gg/wiki/Gallagher_Brigand_Mk._I,,https://foxhole.wiki.gg/images/MediumTank2WIcon.png?914f8b,foxhole_items\images\Gallagher_Brigand_Mk_I.png
Gallagher Highwayman Mk. III,https://foxhole.wiki.gg/wiki/Gallagher_Highwayman_Mk._III,,https://foxhole.wiki.gg/images/MediumTank2MultiWIcon.png?8c3462,foxhole_items\images\Gallagher_Highwayman_Mk_III.png
Gallagher Outlaw Mk. II,https://foxhole.wiki.gg/wiki/Gallagher_Outlaw_Mk._II,,https://foxhole.wiki.gg/images/MediumTank2RangeWIcon.png?cfc25c,foxhole_items\images\Gallagher_Outlaw_Mk_II.png
Gallagher Thornfall Mk. VI,https://foxhole.wiki.gg/wiki/Gallagher_Thornfall_Mk._VI,,https://foxhole.wiki.gg/images/MediumTank2IndirectWIcon.png?a66136,foxhole_items\images\Gallagher_Thornfall_Mk_VI.png
Gas Mask,https://foxhole.wiki.gg/wiki/Gas_Mask,,https://foxhole.wiki.gg/images/GasmaskIcon.png?ea70f3,foxhole_items\images\Gas_Mask.png
Gentleman's Peacoat,https://foxhole.wiki.gg/wiki/Gentleman%27s_Peacoat,,https://foxhole.wiki.gg/images/NavalUniformW.png?28a5e3,foxhole_items\images\Gentleman_s_Peacoat.png
Gravel,https://foxhole.wiki.gg/wiki/Gravel,,https://foxhole.wiki.gg/images/GroundMaterialsIcon.png?13bc03,foxhole_items\images\Gravel.png
Green Ash Grenade,https://foxhole.wiki.gg/wiki/Green_Ash_Grenade,,https://foxhole.wiki.gg/images/DeadlyGas01Icon.png?ac61eb,foxhole_items\images\Green_Ash_Grenade.png
Grenade Launcher,https://foxhole.wiki.gg/wiki/Grenade_Launcher,"Grenade Launchers are infantry weapons designed to fire a variety of grenade types over a long distance.
Unlike throwing grenades by hand, launched grenades cannot be cooked, and will always detonate 4s after being launched.
When they are equipped, pressing  cycles through grenade types in your inventory.",https://commons.wiki.gg/images/thumb/Keyboard_f.png/32px-Keyboard_f.png?9d6aaa,foxhole_items\images\Grenade_Launcher.png
Grenade Uniform,https://foxhole.wiki.gg/wiki/Grenade_Uniform,,https://foxhole.wiki.gg/images/GrenadeUniformCIcon.png?36cd4e,foxhole_items\images\Grenade_Uniform.png
Gunner's Breastplate,https://foxhole.wiki.gg/wiki/Gunner%27s_Breastplate,,https://foxhole.wiki.gg/images/ArmourUniformW.png?d249dc,foxhole_items\images\Gunner_s_Breastplate.png
H-10 “Pelekys”,https://foxhole.wiki.gg/wiki/H-10_%E2%80%9CPelekys%E2%80%9D,,https://foxhole.wiki.gg/images/LightTankOffensiveCVehicleIcon.png?1427df,foxhole_items\images\H-10_Pelekys.png
H-19 “Vulcan”,https://foxhole.wiki.gg/wiki/H-19_%E2%80%9CVulcan%E2%80%9D,,https://foxhole.wiki.gg/images/LightTankFlameCIcon.png?ba524c,foxhole_items\images\H-19_Vulcan.png
H-5 “Hatchet”,https://foxhole.wiki.gg/wiki/H-5_%E2%80%9CHatchet%E2%80%9D,,https://foxhole.wiki.gg/images/LightTankColVehicleIcon.png?33670a,foxhole_items\images\H-5_Hatchet.png
H-8 “Kranesca”,https://foxhole.wiki.gg/wiki/H-8_%E2%80%9CKranesca%E2%80%9D,,https://foxhole.wiki.gg/images/LightTankColMobilityVehicleIcon.png?2a274c,foxhole_items\images\H-8_Kranesca.png
HA-1 “Sagaris”,https://foxhole.wiki.gg/wiki/HA-1_%E2%80%9CSagaris%E2%80%9D,,https://foxhole.wiki.gg/images/LightTank3CVehicleIcon.png?1f8fc8,foxhole_items\images\HA-1_Sagaris.png
HC-2 “Scorpion”,https://foxhole.wiki.gg/wiki/HC-2_%E2%80%9CScorpion%E2%80%9D,,https://foxhole.wiki.gg/images/LightTank2InfantryCVehicleIcon.png?b9105d,foxhole_items\images\HC-2_Scorpion.png
HC-7 “Ballista”,https://foxhole.wiki.gg/wiki/HC-7_%E2%80%9CBallista%E2%80%9D,,https://foxhole.wiki.gg/images/MortarTankVehicleIcon.png?c8328f,foxhole_items\images\HC-7_Ballista.png
HH-a “Javelin”,https://foxhole.wiki.gg/wiki/HH-a_%E2%80%9CJavelin%E2%80%9D,,https://foxhole.wiki.gg/images/HalfTrackColVehicleIcon.png?b33db4,foxhole_items\images\HH-a_Javelin.png
HH-b “Hoplite”,https://foxhole.wiki.gg/wiki/HH-b_%E2%80%9CHoplite%E2%80%9D,,https://foxhole.wiki.gg/images/HalfTrackColHeavyArmorVehicleIcon.png?64dcd6,foxhole_items\images\HH-b_Hoplite.png
HH-d “Peltast”,https://foxhole.wiki.gg/wiki/HH-d_%E2%80%9CPeltast%E2%80%9D,,https://foxhole.wiki.gg/images/HalfTrackArtilleryCIcon.png?308055,foxhole_items\images\HH-d_Peltast.png
Hammer,https://foxhole.wiki.gg/wiki/Hammer,,https://foxhole.wiki.gg/images/HammerIcon.png?f169bc,foxhole_items\images\Hammer.png
Havoc Charge,https://foxhole.wiki.gg/wiki/Havoc_Charge,,https://foxhole.wiki.gg/images/ExplosiveTripodIcon.png?1756d4,foxhole_items\images\Havoc_Charge.png
Health,https://foxhole.wiki.gg/wiki/Health,,https://foxhole.wiki.gg/images/HealthLevelAnimation.gif?64bfc2,foxhole_items\images\Health.gif
Heavy Ammo Uniform,https://foxhole.wiki.gg/wiki/Heavy_Ammo_Uniform,,https://foxhole.wiki.gg/images/AmmoUniformWIcon.png?16c0b5,foxhole_items\images\Heavy_Ammo_Uniform.png
Heavy Artillery,https://foxhole.wiki.gg/wiki/Heavy_Artillery,"Heavy Artillery is a class of Emplaced Weapons that fire 150mm shells at long ranges. Unlike most Emplacements, they are not invisible at night and cannot be hidden inside large bushes.",https://foxhole.wiki.gg/images/thumb/HeavyArtilleryCIcon.png/120px-HeavyArtilleryCIcon.png?3a8f49,foxhole_items\images\Heavy_Artillery.png
Heavy Explosive Powder,https://foxhole.wiki.gg/wiki/Heavy_Explosive_Powder,,https://foxhole.wiki.gg/images/HeavyExplosiveMaterialsIcon.png?f93996,foxhole_items\images\Heavy_Explosive_Powder.png
Heavy Oil,https://foxhole.wiki.gg/wiki/Heavy_Oil,,https://foxhole.wiki.gg/images/HeavyOilIcon.png?f356a3,foxhole_items\images\Heavy_Oil.png
Heavy Rifle,https://foxhole.wiki.gg/wiki/Heavy_Rifle,,https://foxhole.wiki.gg/images/thumb/RevolvingRifleWItemIcon.png/24px-RevolvingRifleWItemIcon.png?411f7f,foxhole_items\images\Heavy_Rifle.png
Heavy Topcoat,https://foxhole.wiki.gg/wiki/Heavy_Topcoat,,https://foxhole.wiki.gg/images/SnowUniformCIcon.png?55b958,foxhole_items\images\Heavy_Topcoat.png
Herne QMW 1a Scourge Hunter,https://foxhole.wiki.gg/wiki/Herne_QMW_1a_Scourge_Hunter,,https://foxhole.wiki.gg/images/MapIconFortCursed.png?63d3a7,foxhole_items\images\Herne_QMW_1a_Scourge_Hunter.png
Huber Exalt 150mm,https://foxhole.wiki.gg/wiki/Huber_Exalt_150mm,,https://foxhole.wiki.gg/images/HeavyArtilleryW.png?271619,foxhole_items\images\Huber_Exalt_150mm.png
Huber Lariat 120mm,https://foxhole.wiki.gg/wiki/Huber_Lariat_120mm,,https://foxhole.wiki.gg/images/EmplacedHowitzerIcon.png?f0c9cc,foxhole_items\images\Huber_Lariat_120mm.png
Huber Starbreaker 94.5mm,https://foxhole.wiki.gg/wiki/Huber_Starbreaker_94.5mm,,https://foxhole.wiki.gg/images/EmplacedATLargeWIcon.png?d1b02c,foxhole_items\images\Huber_Starbreaker_94_5mm.png
Hydra's Whisper,https://foxhole.wiki.gg/wiki/Hydra%27s_Whisper,,https://foxhole.wiki.gg/images/BangaloreItemIcon.png?26b1fe,foxhole_items\images\Hydra_s_Whisper.png
Ignifist 30,https://foxhole.wiki.gg/wiki/Ignifist_30,,https://foxhole.wiki.gg/images/ATRPGLightCItemIcon.png?3307d3,foxhole_items\images\Ignifist_30.png
Incendiary Mortar Shell,https://foxhole.wiki.gg/wiki/Incendiary_Mortar_Shell,,https://foxhole.wiki.gg/images/MortarAmmoIconFlame.png?c4727b,foxhole_items\images\Incendiary_Mortar_Shell.png
Infantry Battledress,https://foxhole.wiki.gg/wiki/Infantry_Battledress,,https://foxhole.wiki.gg/images/SoldierUniformWIcon.png?66c9de,foxhole_items\images\Infantry_Battledress.png
Iron,https://foxhole.wiki.gg/wiki/Iron,,https://foxhole.wiki.gg/images/ResouceIronIcon.png?49987c,foxhole_items\images\Iron.png
Iron Alloy,https://foxhole.wiki.gg/wiki/Iron_Alloy,,https://foxhole.wiki.gg/images/ResouceIronRefinedIcon.png?9630b7,foxhole_items\images\Iron_Alloy.png
Items,https://foxhole.wiki.gg/wiki/Items,Items are objects in the game that can be picked up and carried by Players in their inventory.,https://commons.wiki.gg/images/thumb/Keyboard_ctrl.png/32px-Keyboard_ctrl.png?8c414e,foxhole_items\images\Items.png
K-81e “Sombre”,https://foxhole.wiki.gg/wiki/K-81e_%E2%80%9CSombre%E2%80%9D,,https://foxhole.wiki.gg/images/LightBoatInfantryCIcon.png?a30257,foxhole_items\images\K-81e_Sombre.png
KLG901-2 Lunaire F,https://foxhole.wiki.gg/wiki/KLG901-2_Lunaire_F,,https://foxhole.wiki.gg/images/GrenadeLauncherCItemIcon.png?7660c7,foxhole_items\images\KLG901-2_Lunaire_F.png
KRF1-750 Dragonfly,https://foxhole.wiki.gg/wiki/KRF1-750_Dragonfly,,https://foxhole.wiki.gg/images/ShotgunCItemIcon.png?c5661b,foxhole_items\images\KRF1-750_Dragonfly.png
KRN886-127 Gast Machine Gun,https://foxhole.wiki.gg/wiki/KRN886-127_Gast_Machine_Gun,,https://foxhole.wiki.gg/images/MGCItemIcon.png?a5481f,foxhole_items\images\KRN886-127_Gast_Machine_Gun.png
KRR2-790 Omen,https://foxhole.wiki.gg/wiki/KRR2-790_Omen,,https://foxhole.wiki.gg/images/RifleLongC.png?638ba1,foxhole_items\images\KRR2-790_Omen.png
KRR3-792 Auger,https://foxhole.wiki.gg/wiki/KRR3-792_Auger,,https://foxhole.wiki.gg/images/SniperRifleCItemIcon.png?17b090,foxhole_items\images\KRR3-792_Auger.png
King Gallant Mk. II,https://foxhole.wiki.gg/wiki/King_Gallant_Mk._II,,https://foxhole.wiki.gg/images/ScoutTankOffensiveWIcon.png?c1cbc2,foxhole_items\images\King_Gallant_Mk_II.png
King Jester Mk. I-1,https://foxhole.wiki.gg/wiki/King_Jester_Mk._I-1,,https://foxhole.wiki.gg/images/ScoutTankMultiWIcon.png?94d0e6,foxhole_items\images\King_Jester_Mk_I-1.png
King Spire Mk. I,https://foxhole.wiki.gg/wiki/King_Spire_Mk._I,,https://foxhole.wiki.gg/images/ScoutTankWIcon.png?a4ceb8,foxhole_items\images\King_Spire_Mk_I.png
Lamentum mm.IV,https://foxhole.wiki.gg/wiki/Lamentum_mm.IV,,https://foxhole.wiki.gg/images/HeavyMachineGunIcon.png?888142,foxhole_items\images\Lamentum_mm_IV.png
Lance-25 “Hasta”,https://foxhole.wiki.gg/wiki/Lance-25_%E2%80%9CHasta%E2%80%9D,,https://foxhole.wiki.gg/images/BattleTankATCIcon.png?bc71bd,foxhole_items\images\Lance-25_Hasta.png
Lance-36,https://foxhole.wiki.gg/wiki/Lance-36,,https://foxhole.wiki.gg/images/BattleTank.png?d19941,foxhole_items\images\Lance-36.png
Lance-46 “Sarissa”,https://foxhole.wiki.gg/wiki/Lance-46_%E2%80%9CSarissa%E2%80%9D,,https://foxhole.wiki.gg/images/BattleTankHeavyArtilleryCIcon.png?22e2ca,foxhole_items\images\Lance-46_Sarissa.png
Large Item,https://foxhole.wiki.gg/wiki/Large_Item,"A Large Item is an item so large that it does not fit in a backpack and the Player can only carry one at a time, preventing them from using their equipment. It is placed in a dedicated ""Large Item"" slot (#8) in the inventory and is visible in the hands of the soldier carrying them. It does not stack in inventory slots.",https://foxhole.wiki.gg/images/Tripod_Carried.jpg?9f8277,foxhole_items\images\Large_Item.jpg
Leary Shellbore 68mm,https://foxhole.wiki.gg/wiki/Leary_Shellbore_68mm,,https://foxhole.wiki.gg/images/EmplacedATIcon.png?94922d,foxhole_items\images\Leary_Shellbore_68mm.png
Leary Snare Trap 20,https://foxhole.wiki.gg/wiki/Leary_Snare_Trap_20,,https://foxhole.wiki.gg/images/EmplacedMGIcon.png?770fca,foxhole_items\images\Leary_Snare_Trap_20.png
Legion Vexillum,https://foxhole.wiki.gg/wiki/Legion_Vexillum,,https://foxhole.wiki.gg/images/BannerTCItemIcon.png?d673b6,foxhole_items\images\Legion_Vexillum.png
Legionary Fatigues,https://foxhole.wiki.gg/wiki/Legionary_Fatigues,,https://foxhole.wiki.gg/images/SoldierUniformCIcon.png?272be9,foxhole_items\images\Legionary_Fatigues.png
Liaison Transmitter,https://foxhole.wiki.gg/wiki/Liaison_Transmitter,,https://foxhole.wiki.gg/images/thumb/Research_Tier3_Icon.png/48px-Research_Tier3_Icon.png?234579,foxhole_items\images\Liaison_Transmitter.png
Light Machine Gun,https://foxhole.wiki.gg/wiki/Light_Machine_Gun,Light Machine Guns (abbreviated as LMG) are a class of firearms that fire 12.7mm ammunition.,https://foxhole.wiki.gg/images/thumb/LightMachineGunIcon.png/24px-LightMachineGunIcon.png?7de463,foxhole_items\images\Light_Machine_Gun.png
Listening Kit,https://foxhole.wiki.gg/wiki/Listening_Kit,,https://foxhole.wiki.gg/images/ListeningKitIcon.png?914257,foxhole_items\images\Listening_Kit.png
Lodesman's Lorica,https://foxhole.wiki.gg/wiki/Lodesman%27s_Lorica,,https://foxhole.wiki.gg/images/PilotUniformCIcon.png?6d58a0,foxhole_items\images\Lodesman_s_Lorica.png
Long Rifle,https://foxhole.wiki.gg/wiki/Long_Rifle,,https://foxhole.wiki.gg/images/thumb/RifleLongW.png/24px-RifleLongW.png?1a4b01,foxhole_items\images\Long_Rifle.png
Luminary Mk. II Harbinger,https://foxhole.wiki.gg/wiki/Luminary_Mk._II_Harbinger,,https://foxhole.wiki.gg/images/AircraftFighterWIcon.png?30793d,foxhole_items\images\Luminary_Mk_II_Harbinger.png
Luminary Mk. IV Herald,https://foxhole.wiki.gg/wiki/Luminary_Mk._IV_Herald,,https://foxhole.wiki.gg/images/AircraftScoutWIcon.png?11cb5e,foxhole_items\images\Luminary_Mk_IV_Herald.png
M925 Austringer Man-O-War,https://foxhole.wiki.gg/wiki/M925_Austringer_Man-O-War,,https://foxhole.wiki.gg/images/AircraftTorpedoWIcon.png?46c909,foxhole_items\images\M925_Austringer_Man-O-War.png
Machine Gun,https://foxhole.wiki.gg/wiki/Machine_Gun,,https://foxhole.wiki.gg/images/thumb/MGCItemIcon.png/24px-MGCItemIcon.png?a5481f,foxhole_items\images\Machine_Gun.png
Maintenance Supplies,https://foxhole.wiki.gg/wiki/Maintenance_Supplies,,https://foxhole.wiki.gg/images/MaintenanceSuppliesIcon.png?2e3f5c,foxhole_items\images\Maintenance_Supplies.png
Malone MK.2,https://foxhole.wiki.gg/wiki/Malone_MK.2,,https://foxhole.wiki.gg/images/MGWItemIcon.png?1529e1,foxhole_items\images\Malone_MK_2.png
Malone Ratcatcher MK.1,https://foxhole.wiki.gg/wiki/Malone_Ratcatcher_MK.1,,https://foxhole.wiki.gg/images/MGHeavyTWItemIcon.png?6db3a9,foxhole_items\images\Malone_Ratcatcher_MK_1.png
Mammon 91-b,https://foxhole.wiki.gg/wiki/Mammon_91-b,,https://foxhole.wiki.gg/images/HEGrenadeItemIcon.png?a22b79,foxhole_items\images\Mammon_91-b.png
Mark II Raidbreaker,https://foxhole.wiki.gg/wiki/Mark_II_Raidbreaker,,https://foxhole.wiki.gg/images/thumb/PrototypeKitIcon.png/48px-PrototypeKitIcon.png?2d1d4c,foxhole_items\images\Mark_II_Raidbreaker.png
Materials,https://foxhole.wiki.gg/wiki/Materials,"Materials are items used to produce equipment and to construct, refuel, and repair Vehicles and Structures. Most are stored under the  section of Stockpiles. They can be categorized in three main groups: Raw Materials, Refined Materials and Large Materials.",https://foxhole.wiki.gg/images/IconFilterResource.png?3582d0,foxhole_items\images\Materials.png
Medic Fatigues,https://foxhole.wiki.gg/wiki/Medic_Fatigues,,https://foxhole.wiki.gg/images/MedicUniformCIcon.png?6822ce,foxhole_items\images\Medic_Fatigues.png
Medic Uniform,https://foxhole.wiki.gg/wiki/Medic_Uniform,"The Medic Uniform is a type of Uniform specially designed for frontline Medics, reducing the weight of medical equipment, and being able to stack medical supplies.",https://foxhole.wiki.gg/images/thumb/MedicUniformCIcon.png/120px-MedicUniformCIcon.png?6822ce,foxhole_items\images\Medic_Uniform.png
Medical,https://foxhole.wiki.gg/wiki/Medical,"Medical items are related to the Player's Health or Respawning. They are listed in the ""Medical""  category in stockpiles. They are produced at Factories in the ""Medical""  category except Critically Wounded Soldiers which are spawned by dying Wounded Players.",https://foxhole.wiki.gg/images/IconFilterMedical.png?27f531,foxhole_items\images\Medical.png
Melee Weapon,https://foxhole.wiki.gg/wiki/Melee_Weapon,Melee Weapons are a class of infantry weapons used in close quarters.,https://foxhole.wiki.gg/images/thumb/StilSwordCIcon.png/24px-StilSwordCIcon.png?fa1111,foxhole_items\images\Melee_Weapon.png
Mergo-4 “Myrmidon”,https://foxhole.wiki.gg/wiki/Mergo-4_%E2%80%9CMyrmidon%E2%80%9D,,https://foxhole.wiki.gg/images/AircraftDiveCIcon.png?495a38,foxhole_items\images\Mergo-4_Myrmidon.png
Metal Beam,https://foxhole.wiki.gg/wiki/Metal_Beam,,https://foxhole.wiki.gg/images/MetalBeamMaterialItemIcon.png?67ca32,foxhole_items\images\Metal_Beam.png
Model-7 “Evie”,https://foxhole.wiki.gg/wiki/Model-7_%E2%80%9CEvie%E2%80%9D,,https://foxhole.wiki.gg/images/DepthChargeIcon.png?50e9f3,foxhole_items\images\Model-7_Evie.png
Moray Torpedo,https://foxhole.wiki.gg/wiki/Moray_Torpedo,,https://foxhole.wiki.gg/images/TorpedoIcon.png?f21126,foxhole_items\images\Moray_Torpedo.png
Mortar Shell,https://foxhole.wiki.gg/wiki/Mortar_Shell,,https://foxhole.wiki.gg/images/MortarAmmoIcon.png?683a3e,foxhole_items\images\Mortar_Shell.png
Mounted Anti-Tank RPG,https://foxhole.wiki.gg/wiki/Mounted_Anti-Tank_RPG,Mounted Anti-Tank RPGs are a class of mounted anti-tank launchers that fire ARC/RPG ammunition.,https://foxhole.wiki.gg/images/thumb/ATMortarWTripodItemIcon.png/24px-ATMortarWTripodItemIcon.png?49cb62,foxhole_items\images\Mounted_Anti-Tank_RPG.png
Mounted Anti-Tank Rifle,https://foxhole.wiki.gg/wiki/Mounted_Anti-Tank_Rifle,Mounted Anti-Tank Rifles (or MATR) are a class of anti-tank Mounted Weapons that fire 14.5mm ammunition.,https://foxhole.wiki.gg/images/thumb/ATRifleTCIcon.png/24px-ATRifleTCIcon.png?b9c954,foxhole_items\images\Mounted_Anti-Tank_Rifle.png
Mounted Bonesaw MK.3,https://foxhole.wiki.gg/wiki/Mounted_Bonesaw_MK.3,,https://foxhole.wiki.gg/images/ATMortarWTripodItemIcon.png?49cb62,foxhole_items\images\Mounted_Bonesaw_MK_3.png
Mounted Equipment,https://foxhole.wiki.gg/wiki/Mounted_Equipment,Mounted Equipments are a class of large utility items that must be mounted on a Deployed Tripod in order to be used. Unlike Mounted Weapons they cannot be mounted on any vehicle.,https://commons.wiki.gg/images/thumb/Keyboard_b.png/32px-Keyboard_b.png?71134e,foxhole_items\images\Mounted_Equipment.png
Mounted Fissura gd.I,https://foxhole.wiki.gg/wiki/Mounted_Fissura_gd.I,,https://foxhole.wiki.gg/images/GrenadeLauncherTCIcon.png?d398e7,foxhole_items\images\Mounted_Fissura_gd_I.png
Mounted Grenade Launcher,https://foxhole.wiki.gg/wiki/Mounted_Grenade_Launcher,Mounted Grenade Launchers are a class of Mounted Weapons that fire certain types of grenades.,https://foxhole.wiki.gg/images/thumb/GrenadeLauncherTCIcon.png/24px-GrenadeLauncherTCIcon.png?d398e7,foxhole_items\images\Mounted_Grenade_Launcher.png
Mounted Infantry Support Gun,https://foxhole.wiki.gg/wiki/Mounted_Infantry_Support_Gun,Mounted Infantry Support Guns (or ISG) are a class of Mounted Weapons that fire 30mm ammunition.,https://foxhole.wiki.gg/images/thumb/InfantrySupportGunItemIcon.png/24px-InfantrySupportGunItemIcon.png?e19c0a,foxhole_items\images\Mounted_Infantry_Support_Gun.png
Mounted Machine Gun,https://foxhole.wiki.gg/wiki/Mounted_Machine_Gun,,https://foxhole.wiki.gg/images/thumb/HeavyMachineGunIcon.png/24px-HeavyMachineGunIcon.png?888142,foxhole_items\images\Mounted_Machine_Gun.png
Mounted RPG Launcher,https://foxhole.wiki.gg/wiki/Mounted_RPG_Launcher,Mounted RPG Launchers are a class of Mounted Weapons that fire RPG ammunition.,https://foxhole.wiki.gg/images/thumb/ATRPGTWIcon.png/24px-ATRPGTWIcon.png?1fed2f,foxhole_items\images\Mounted_RPG_Launcher.png
Mounted Weapons,https://foxhole.wiki.gg/wiki/Mounted_Weapons,"Mounted Weapons, or Tripod Weapons, are a class of large heavy weapons that must be placed on a mount (either a Deployed Tripod, certain vehicles, or certain structures) in order to be fired.",https://commons.wiki.gg/images/thumb/Keyboard_b.png/32px-Keyboard_b.png?71134e,foxhole_items\images\Mounted_Weapons.png
Nakki,https://foxhole.wiki.gg/wiki/Nakki,,https://foxhole.wiki.gg/images/LargeShipSubmarineWIcon.png?2df038,foxhole_items\images\Nakki.png
Naval Buoy,https://foxhole.wiki.gg/wiki/Naval_Buoy,,https://foxhole.wiki.gg/images/WaterWallItemIcon.png?dbd485,foxhole_items\images\Naval_Buoy.png
Naval Uniform,https://foxhole.wiki.gg/wiki/Naval_Uniform,,https://foxhole.wiki.gg/images/thumb/NavalUniformW.png/120px-NavalUniformW.png?28a5e3,foxhole_items\images\Naval_Uniform.png
Neville Anti-Tank Rifle,https://foxhole.wiki.gg/wiki/Neville_Anti-Tank_Rifle,,https://foxhole.wiki.gg/images/ATRifleItemIcon.png?58ec0d,foxhole_items\images\Neville_Anti-Tank_Rifle.png
Niska Mk. I Gun Motor Carriage,https://foxhole.wiki.gg/wiki/Niska_Mk._I_Gun_Motor_Carriage,,https://foxhole.wiki.gg/images/HalfTrackWarVehicleIcon.png?4c5a24,foxhole_items\images\Niska_Mk_I_Gun_Motor_Carriage.png
Niska Mk. II Blinder,https://foxhole.wiki.gg/wiki/Niska_Mk._II_Blinder,,https://foxhole.wiki.gg/images/HalfTrackOffensiveWarVehicleIcon.png?2dc541,foxhole_items\images\Niska_Mk_II_Blinder.png
Niska Mk. III Scar Twin,https://foxhole.wiki.gg/wiki/Niska_Mk._III_Scar_Twin,,https://foxhole.wiki.gg/images/HalftrackTwinW.png?134c12,foxhole_items\images\Niska_Mk_III_Scar_Twin.png
Niska-Rycker Mk. IX Skycaller,https://foxhole.wiki.gg/wiki/Niska-Rycker_Mk._IX_Skycaller,,https://foxhole.wiki.gg/images/HalftrackMultiWIcon.png?aefe37,foxhole_items\images\Niska-Rycker_Mk_IX_Skycaller.png
No.1 “The Liar” Submachine Gun,https://foxhole.wiki.gg/wiki/No.1_%E2%80%9CThe_Liar%E2%80%9D_Submachine_Gun,,https://foxhole.wiki.gg/images/SMGHeavyWItemIcon.png?b32528,foxhole_items\images\No_1_The_Liar_Submachine_Gun.png
No.2 Loughcaster,https://foxhole.wiki.gg/wiki/No.2_Loughcaster,,https://foxhole.wiki.gg/images/RifleW.png?771bf6,foxhole_items\images\No_2_Loughcaster.png
No.2B Hawthorne,https://foxhole.wiki.gg/wiki/No.2B_Hawthorne,,https://foxhole.wiki.gg/images/RifleShortWIcon.png?7c0d03,foxhole_items\images\No_2B_Hawthorne.png
No.4 The Pillory Scattergun,https://foxhole.wiki.gg/wiki/No.4_The_Pillory_Scattergun,,https://foxhole.wiki.gg/images/ShotgunWItemIcon.png?be8c44,foxhole_items\images\No_4_The_Pillory_Scattergun.png
Noble Firebrand Mk. XVII,https://foxhole.wiki.gg/wiki/Noble_Firebrand_Mk._XVII,,https://foxhole.wiki.gg/images/DestroyerTankFlameWIcon.png?2d66aa,foxhole_items\images\Noble_Firebrand_Mk_XVII.png
Noble Widow MK. XIV,https://foxhole.wiki.gg/wiki/Noble_Widow_MK._XIV,,https://foxhole.wiki.gg/images/DestroyerTankWVehicleIcon.png?3fb853,foxhole_items\images\Noble_Widow_MK_XIV.png
O'Brien V.101 Freeman,https://foxhole.wiki.gg/wiki/O%27Brien_V.101_Freeman,,https://foxhole.wiki.gg/images/ArmoredCarOffensiveWVehicleIcon.png?68c7e3,foxhole_items\images\O_Brien_V_101_Freeman.png
O'Brien V.110,https://foxhole.wiki.gg/wiki/O%27Brien_V.110,,https://foxhole.wiki.gg/images/ArmoredCarWarVehicleIcon.png?4d72dc,foxhole_items\images\O_Brien_V_110.png
O'Brien V.113 Gravekeeper,https://foxhole.wiki.gg/wiki/O%27Brien_V.113_Gravekeeper,,https://foxhole.wiki.gg/images/ArmoredCarATWVehicleIcon.png?1d7e7c,foxhole_items\images\O_Brien_V_113_Gravekeeper.png
O'Brien V.121 Highlander,https://foxhole.wiki.gg/wiki/O%27Brien_V.121_Highlander,,https://foxhole.wiki.gg/images/ArmoredCarMobilityWarVehicleIcon.png?2097a1,foxhole_items\images\O_Brien_V_121_Highlander.png
O'Brien V.130 Wild Jack,https://foxhole.wiki.gg/wiki/O%27Brien_V.130_Wild_Jack,,https://foxhole.wiki.gg/images/ArmoredCarFlameWarVehicleIcon.png?97e970,foxhole_items\images\O_Brien_V_130_Wild_Jack.png
O'Brien V.190 Knave,https://foxhole.wiki.gg/wiki/O%27Brien_V.190_Knave,,https://foxhole.wiki.gg/images/ArmoredCarTwinWIcon.png?babc40,foxhole_items\images\O_Brien_V_190_Knave.png
O'Brien V.200 Squire,https://foxhole.wiki.gg/wiki/O%27Brien_V.200_Squire,,https://foxhole.wiki.gg/images/ArmoredCar2MultiWIcon.png?a1f572,foxhole_items\images\O_Brien_V_200_Squire.png
O'Brien Warsmith v.215,https://foxhole.wiki.gg/wiki/O%27Brien_Warsmith_v.215,,https://foxhole.wiki.gg/images/CombatCarWVehicleIcon.png?570ab7,foxhole_items\images\O_Brien_Warsmith_v_215.png
O-75b “Ares”,https://foxhole.wiki.gg/wiki/O-75b_%E2%80%9CAres%E2%80%9D,,https://foxhole.wiki.gg/images/SuperTankCtemIcon.png?a4eb14,foxhole_items\images\O-75b_Ares.png
Officer Uniform,https://foxhole.wiki.gg/wiki/Officer_Uniform,"The Officer Uniform is a type of uniform whose only purpose is to allow you to freely teamkill members of your own Regiment without any repercussions. The only two ammo types that stack in the uniform are 8mm and .44 Mag (3 per slot).
This allows any player with this on to act like a ""commissar"" for their regiment. The uniform has 6 inventory slots, which limits the amount of equipment the player can hold in combat.",https://foxhole.wiki.gg/images/thumb/OfficerUniformWIcon.png/120px-OfficerUniformWIcon.png?e001c6,foxhole_items\images\Officer_Uniform.png
Officer's Regalia,https://foxhole.wiki.gg/wiki/Officer%27s_Regalia,,https://foxhole.wiki.gg/images/OfficerUniformWIcon.png?e001c6,foxhole_items\images\Officer_s_Regalia.png
Officialis' Attire,https://foxhole.wiki.gg/wiki/Officialis%27_Attire,,https://foxhole.wiki.gg/images/OfficerUniformCIcon.png?3cd953,foxhole_items\images\Officialis_Attire.png
Offshore Platform,https://foxhole.wiki.gg/wiki/Offshore_Platform,,https://foxhole.wiki.gg/images/FacilityMineOilRigIcon.png?ee3da1,foxhole_items\images\Offshore_Platform.png
Oil,https://foxhole.wiki.gg/wiki/Oil,,https://foxhole.wiki.gg/images/OilIcon.png?33397b,foxhole_items\images\Oil.png
Oil Field,https://foxhole.wiki.gg/wiki/Oil_Field,,https://foxhole.wiki.gg/images/Crude_Oil_Field.jpg?cf5baa,foxhole_items\images\Oil_Field.jpg
Oil Well,https://foxhole.wiki.gg/wiki/Oil_Well,,https://foxhole.wiki.gg/images/OilWellMineIcon.png?16862e,foxhole_items\images\Oil_Well.png
Outrider's Mantle,https://foxhole.wiki.gg/wiki/Outrider%27s_Mantle,,https://foxhole.wiki.gg/images/ScoutUniformWIcon.png?de8fc6,foxhole_items\images\Outrider_s_Mantle.png
PT-815 Smoke Grenade,https://foxhole.wiki.gg/wiki/PT-815_Smoke_Grenade,,https://foxhole.wiki.gg/images/Smokegrenadeicon1.png?d837dc,foxhole_items\images\PT-815_Smoke_Grenade.png
Padded Boiler Suit,https://foxhole.wiki.gg/wiki/Padded_Boiler_Suit,,https://foxhole.wiki.gg/images/TankUniformWIcon.png?aebe3c,foxhole_items\images\Padded_Boiler_Suit.png
Paratrooper Uniform,https://foxhole.wiki.gg/wiki/Paratrooper_Uniform,The Paratrooper Uniform is an expensive type of Uniform that allows players to do paradrop missions by wearing a Paratrooper's Ruck.,https://foxhole.wiki.gg/images/thumb/MachineGunAmmoIcon.png/24px-MachineGunAmmoIcon.png?e151f7,foxhole_items\images\Paratrooper_Uniform.png
Paratrooper's Ruck,https://foxhole.wiki.gg/wiki/Paratrooper%27s_Ruck,,https://foxhole.wiki.gg/images/thumb/PrototypeKitIcon.png/48px-PrototypeKitIcon.png?2d1d4c,foxhole_items\images\Paratrooper_s_Ruck.png
Petrol,https://foxhole.wiki.gg/wiki/Petrol,,https://foxhole.wiki.gg/images/RefinedFuelIcon.png?415c90,foxhole_items\images\Petrol.png
Physician's Jacket,https://foxhole.wiki.gg/wiki/Physician%27s_Jacket,,https://foxhole.wiki.gg/images/MedicUniformWIcon.png?d20d82,foxhole_items\images\Physician_s_Jacket.png
Pipe,https://foxhole.wiki.gg/wiki/Pipe,,https://foxhole.wiki.gg/images/EngineRoomPipeIcon.png?5b5cea,foxhole_items\images\Pipe.png
Pistol,https://foxhole.wiki.gg/wiki/Pistol,"Pistols are small, secondary weapons designed to give the player a self-defense weapon in case they are not carrying a primary weapon. Useful for roles that use a different item in the primary slot, such as Medics and Combat Vehicle Crews.",https://foxhole.wiki.gg/images/thumb/PistolWItemIcon.png/24px-PistolWItemIcon.png?35b6dd,foxhole_items\images\Pistol.png
Processed Construction Materials,https://foxhole.wiki.gg/wiki/Processed_Construction_Materials,,https://foxhole.wiki.gg/images/ProcessedConstructionMaterialsIcon.png?eea77f,foxhole_items\images\Processed_Construction_Materials.png
Prototype Kit,https://foxhole.wiki.gg/wiki/Prototype_Kit,,https://foxhole.wiki.gg/images/PrototypeKitIcon.png?2d1d4c,foxhole_items\images\Prototype_Kit.png
Quillback Torpedo,https://foxhole.wiki.gg/wiki/Quillback_Torpedo,,https://foxhole.wiki.gg/images/MiniTorpedoAmmoIcon.png?a2023e,foxhole_items\images\Quillback_Torpedo.png
R-17 “Retiarius” Skirmisher,https://foxhole.wiki.gg/wiki/R-17_%E2%80%9CRetiarius%E2%80%9D_Skirmisher,,https://foxhole.wiki.gg/images/TruckMultiCIcon.png?4c2772,foxhole_items\images\R-17_Retiarius_Skirmisher.png
R-9 “Speartip” Escort,https://foxhole.wiki.gg/wiki/R-9_%E2%80%9CSpeartip%E2%80%9D_Escort,,https://foxhole.wiki.gg/images/TruckOffensiveVehicleIcon.png?4e6408,foxhole_items\images\R-9_Speartip_Escort.png
RPG,https://foxhole.wiki.gg/wiki/RPG,,https://foxhole.wiki.gg/images/RpgAmmoItemIcon.png?fbe568,foxhole_items\images\RPG.png
RPG Launcher,https://foxhole.wiki.gg/wiki/RPG_Launcher,RPG Launchers (or simply RPGs) are a class of infantry heavy weapons that fire RPGs as ammunition.,https://foxhole.wiki.gg/images/thumb/RpgItemIcon.png/24px-RpgItemIcon.png?d7d19d,foxhole_items\images\RPG_Launcher.png
Radio,https://foxhole.wiki.gg/wiki/Radio,,https://foxhole.wiki.gg/images/RadioItemIcon.png?8a6cee,foxhole_items\images\Radio.png
Radio Backpack,https://foxhole.wiki.gg/wiki/Radio_Backpack,,https://foxhole.wiki.gg/images/RadioBackpackItemIcon.png?500f17,foxhole_items\images\Radio_Backpack.png
Rain Uniform,https://foxhole.wiki.gg/wiki/Rain_Uniform,,https://foxhole.wiki.gg/images/RainUniformCIcon.png?dc83fb,foxhole_items\images\Rain_Uniform.png
Rare Alloys,https://foxhole.wiki.gg/wiki/Rare_Alloys,,https://foxhole.wiki.gg/images/FacilityMaterials09Icon.png?8e2b3e,foxhole_items\images\Rare_Alloys.png
Rare Materials,https://foxhole.wiki.gg/wiki/Rare_Materials,,https://foxhole.wiki.gg/images/thumb/PrototypeKitIcon.png/48px-PrototypeKitIcon.png?2d1d4c,foxhole_items\images\Rare_Materials.png
Rare Metal,https://foxhole.wiki.gg/wiki/Rare_Metal,,https://foxhole.wiki.gg/images/RareMaterialsIcon.png?e9e0b2,foxhole_items\images\Rare_Metal.png
Rare Resource Node,https://foxhole.wiki.gg/wiki/Rare_Resource_Node,The Rare Resource Node is a harvestable node that yields Wreckage and randomly spawns across the map rather than on Resource Fields,https://foxhole.wiki.gg/images/Foxhole-Rare-Resource-Node.jpg?3ee09f,foxhole_items\images\Rare_Resource_Node.jpg
Recon Camo,https://foxhole.wiki.gg/wiki/Recon_Camo,,https://foxhole.wiki.gg/images/ScoutUniformCIcon.png?bdf7ec,foxhole_items\images\Recon_Camo.png
Refined Materials,https://foxhole.wiki.gg/wiki/Refined_Materials,,https://foxhole.wiki.gg/images/RefinedMaterialsIcon.png?9656f0,foxhole_items\images\Refined_Materials.png
Relic Assault Tank,https://foxhole.wiki.gg/wiki/Relic_Assault_Tank,,https://foxhole.wiki.gg/images/thumb/RelicCarVehicleIcon.png/48px-RelicCarVehicleIcon.png?a77df7,foxhole_items\images\Relic_Assault_Tank.png
Relic Materials,https://foxhole.wiki.gg/wiki/Relic_Materials,,https://foxhole.wiki.gg/images/thumb/RelicCarVehicleIcon.png/48px-RelicCarVehicleIcon.png?a77df7,foxhole_items\images\Relic_Materials.png
Remex Garb,https://foxhole.wiki.gg/wiki/Remex_Garb,,https://foxhole.wiki.gg/images/NavalUniformC.png?ef28cd,foxhole_items\images\Remex_Garb.png
Reserve Power,https://foxhole.wiki.gg/wiki/Reserve_Power,,https://foxhole.wiki.gg/images/ReservePower.png?43beab,foxhole_items\images\Reserve_Power.png
Resource Field,https://foxhole.wiki.gg/wiki/Resource_Field,"Resource Fields are locations in the world where Players can harvest large amounts of raw resources. Unlike World Resource Mines, Resource Fields must be manually harvested using various pieces of equipment.",https://commons.wiki.gg/images/thumb/Keyboard_e.png/32px-Keyboard_e.png?5e3847,foxhole_items\images\Resource_Field.png
Resource Harvester,https://foxhole.wiki.gg/wiki/Resource_Harvester,Resource Harvesters are logistical structures that automatically gather one type of resource. Most require fuel to work.,https://foxhole.wiki.gg/images/IconFilterMining.png?761190,foxhole_items\images\Resource_Harvester.png
Revolver,https://foxhole.wiki.gg/wiki/Revolver,Revolvers are a class of semi-automatic seconday weapons that fire .44 Mag ammunition.,https://foxhole.wiki.gg/images/thumb/RevolverItemIcon.png/24px-RevolverItemIcon.png?977458,foxhole_items\images\Revolver.png
Rifle,https://foxhole.wiki.gg/wiki/Rifle,,https://commons.wiki.gg/images/thumb/Keyboard_f.png/32px-Keyboard_f.png?9d6aaa,foxhole_items\images\Rifle.png
Rinnspeir Mk. I Zealot,https://foxhole.wiki.gg/wiki/Rinnspeir_Mk._I_Zealot,,https://foxhole.wiki.gg/images/AircraftParatrooperWIcon.png?642523,foxhole_items\images\Rinnspeir_Mk_I_Zealot.png
Rinnspeir Ornitier-Class Gunship,https://foxhole.wiki.gg/wiki/Rinnspeir_Ornitier-Class_Gunship,,https://foxhole.wiki.gg/images/thumb/PrototypeKitIcon.png/48px-PrototypeKitIcon.png?2d1d4c,foxhole_items\images\Rinnspeir_Ornitier-Class_Gunship.png
Rycker 4/3-F Wasp Nest,https://foxhole.wiki.gg/wiki/Rycker_4/3-F_Wasp_Nest,,https://foxhole.wiki.gg/images/FieldMultiWItemIcon.png?ab32ea,foxhole_items\images\Rycker_4_3-F_Wasp_Nest.png
Salvage,https://foxhole.wiki.gg/wiki/Salvage,,https://foxhole.wiki.gg/images/SalvageIcon.png?c10cf6,foxhole_items\images\Salvage.png
Salvage Field,https://foxhole.wiki.gg/wiki/Salvage_Field,,https://foxhole.wiki.gg/images/Salvage_Field.jpg?3c7695,foxhole_items\images\Salvage_Field.jpg
Salvage Mine,https://foxhole.wiki.gg/wiki/Salvage_Mine,,https://foxhole.wiki.gg/images/ScrapMineIcon.png?59ba67,foxhole_items\images\Salvage_Mine.png
Salvage/zh,https://foxhole.wiki.gg/wiki/Salvage/zh,,https://foxhole.wiki.gg/images/SalvageIcon.png?c10cf6,foxhole_items\images\Salvage_zh.png
Sampo Auto-Rifle 77,https://foxhole.wiki.gg/wiki/Sampo_Auto-Rifle_77,,https://foxhole.wiki.gg/images/RifleAutomaticW.png?126d74,foxhole_items\images\Sampo_Auto-Rifle_77.png
Sandbag,https://foxhole.wiki.gg/wiki/Sandbag,,https://foxhole.wiki.gg/images/SandbagMaterialItemIcon.png?b6368b,foxhole_items\images\Sandbag.png
Sapper Gear,https://foxhole.wiki.gg/wiki/Sapper_Gear,,https://foxhole.wiki.gg/images/EngineerUniformWIcon.png?f9f2ce,foxhole_items\images\Sapper_Gear.png
Scout Uniform,https://foxhole.wiki.gg/wiki/Scout_Uniform,"The Scout Uniform is a type of Uniform that's designed to give the wearer a higher chance of not being detected on the map. It is useful for scouting enemy positions, either for partisan activities, or gathering intel of enemy defenses.",https://foxhole.wiki.gg/images/thumb/ScoutUniformWIcon.png/120px-ScoutUniformWIcon.png?de8fc6,foxhole_items\images\Scout_Uniform.png
Secondary Equipment,https://foxhole.wiki.gg/wiki/Secondary_Equipment,Secondary Equipment are items that fit in the player's secondary slot (press  to draw).,https://commons.wiki.gg/images/thumb/Keyboard_2.png/32px-Keyboard_2.png?45fa1a,foxhole_items\images\Secondary_Equipment.png
Secondary Weapons,https://foxhole.wiki.gg/wiki/Secondary_Weapons,"Secondary Weapons are Weapons that fit in the secondary equipment slot (press  to draw).
They include:",https://commons.wiki.gg/images/thumb/Keyboard_2.png/32px-Keyboard_2.png?45fa1a,foxhole_items\images\Secondary_Weapons.png
Sharkey-Devitt Birdeater Mk. I,https://foxhole.wiki.gg/wiki/Sharkey-Devitt_Birdeater_Mk._I,,https://foxhole.wiki.gg/images/LightTank3WVehicleIcon.png?42095d,foxhole_items\images\Sharkey-Devitt_Birdeater_Mk_I.png
Shatter Missile,https://foxhole.wiki.gg/wiki/Shatter_Missile,,https://foxhole.wiki.gg/images/DemolitionRocketAmmoIcon.png?f2c4e2,foxhole_items\images\Shatter_Missile.png
Shotgun,https://foxhole.wiki.gg/wiki/Shotgun,Shotguns are a class of close-range firearms that uses Buckshot shells as ammunition.,https://foxhole.wiki.gg/images/thumb/ShotgunCItemIcon.png/24px-ShotgunCItemIcon.png?c5661b,foxhole_items\images\Shotgun.png
Shovel,https://foxhole.wiki.gg/wiki/Shovel,,https://foxhole.wiki.gg/images/ShovelIcon.png?a9b229,foxhole_items\images\Shovel.png
Shrapnel Mortar Shell,https://foxhole.wiki.gg/wiki/Shrapnel_Mortar_Shell,,https://foxhole.wiki.gg/images/MortarAmmoIconShrapnel.png?4a6a36,foxhole_items\images\Shrapnel_Mortar_Shell.png
Silverhand - Mk. IV,https://foxhole.wiki.gg/wiki/Silverhand_-_Mk._IV,,https://foxhole.wiki.gg/images/WardenMediumTankIcon.png?d7ef24,foxhole_items\images\Silverhand_-_Mk_IV.png
Silverhand Chieftain - Mk. VI,https://foxhole.wiki.gg/wiki/Silverhand_Chieftain_-_Mk._VI,,https://foxhole.wiki.gg/images/MediumTankSiegeWVehicleIcon.png?f510b9,foxhole_items\images\Silverhand_Chieftain_-_Mk_VI.png
Silverhand Lordscar - Mk. X,https://foxhole.wiki.gg/wiki/Silverhand_Lordscar_-_Mk._X,,https://foxhole.wiki.gg/images/MediumTankATWIcon.png?90b740,foxhole_items\images\Silverhand_Lordscar_-_Mk_X.png
Sledge Hammer,https://foxhole.wiki.gg/wiki/Sledge_Hammer,,https://foxhole.wiki.gg/images/SledgeHammerItemIcon.png?a27ee2,foxhole_items\images\Sledge_Hammer.png
Sniper Rifle,https://foxhole.wiki.gg/wiki/Sniper_Rifle,,https://foxhole.wiki.gg/images/thumb/ATRifleSniperCIcontga.png/24px-ATRifleSniperCIcontga.png?689394,foxhole_items\images\Sniper_Rifle.png
Snow Uniform,https://foxhole.wiki.gg/wiki/Snow_Uniform,"The Snow Uniform is a type of Uniform specially designed to protect the wearer during Snow Storms. Depending on the uniform it will give a varying degree of protection against the cold, prolonging the exposure the wearer can face before freezing to death.",https://foxhole.wiki.gg/images/thumb/SnowUniformWIcon.png/120px-SnowUniformWIcon.png?479b41,foxhole_items\images\Snow_Uniform.png
Soldier Supplies,https://foxhole.wiki.gg/wiki/Soldier_Supplies,,https://foxhole.wiki.gg/images/ClothItemIcon.png?e85f2a,foxhole_items\images\Soldier_Supplies.png
Soldier Uniform,https://foxhole.wiki.gg/wiki/Soldier_Uniform,"The Soldier Uniform is the standard uniform for soldiers. It is primarily used in infantry combat, but can be used in all types of roles.",https://foxhole.wiki.gg/images/thumb/SoldierUniformWIcon.png/120px-SoldierUniformWIcon.png?66c9de,foxhole_items\images\Soldier_Uniform.png
Stationary Harvester,https://foxhole.wiki.gg/wiki/Stationary_Harvester,Stationary Harvesters are player-built structures that automatically gather resources when given fuel. They are built with a Construction Vehicle and can only be built next to a Resource Field (max 3 per field).,https://foxhole.wiki.gg/images/MapIconCivicCenter.png?9a1183,foxhole_items\images\Stationary_Harvester.png
Stationary Harvester (Coal),https://foxhole.wiki.gg/wiki/Stationary_Harvester_(Coal),,https://foxhole.wiki.gg/images/FacilityMineResource4Icon.png?7a368b,foxhole_items\images\Stationary_Harvester_Coal.png
Stationary Harvester (Components),https://foxhole.wiki.gg/wiki/Stationary_Harvester_(Components),,https://foxhole.wiki.gg/images/FacilityMineResource2Icon.png?3f9014,foxhole_items\images\Stationary_Harvester_Components.png
Stationary Harvester (Salvage),https://foxhole.wiki.gg/wiki/Stationary_Harvester_(Salvage),,https://foxhole.wiki.gg/images/FacilityMineResource1Icon.png?36d0a5,foxhole_items\images\Stationary_Harvester_Salvage.png
Stationary Harvester (Sulfur),https://foxhole.wiki.gg/wiki/Stationary_Harvester_(Sulfur),,https://foxhole.wiki.gg/images/FacilityMineResource3Icon.png?cbb44a,foxhole_items\images\Stationary_Harvester_Sulfur.png
Steel Construction Materials,https://foxhole.wiki.gg/wiki/Steel_Construction_Materials,,https://foxhole.wiki.gg/images/SteelConstructionMaterialsIcon.png?79894c,foxhole_items\images\Steel_Construction_Materials.png
Storm Cannon,https://foxhole.wiki.gg/wiki/Storm_Cannon,,https://foxhole.wiki.gg/images/LongRangedArtilleryIcon.png?baa77a,foxhole_items\images\Storm_Cannon.png
Storm Tank,https://foxhole.wiki.gg/wiki/Storm_Tank,,https://foxhole.wiki.gg/images/thumb/RelicCarVehicleIcon.png/48px-RelicCarVehicleIcon.png?a77df7,foxhole_items\images\Storm_Tank.png
Strider,https://foxhole.wiki.gg/wiki/Strider,,https://foxhole.wiki.gg/images/MediumBoatCIcon.png?46e9d9,foxhole_items\images\Strider.png
Submachine Gun,https://foxhole.wiki.gg/wiki/Submachine_Gun,,https://foxhole.wiki.gg/images/thumb/SMGHeavyCItemIcon.png/24px-SMGHeavyCItemIcon.png?7e9698,foxhole_items\images\Submachine_Gun.png
Sulfur,https://foxhole.wiki.gg/wiki/Sulfur,,https://foxhole.wiki.gg/images/SulfurIcon.png?887b7e,foxhole_items\images\Sulfur.png
Sulfur Field,https://foxhole.wiki.gg/wiki/Sulfur_Field,,https://foxhole.wiki.gg/images/Sulfur_Field.jpg?3bf015,foxhole_items\images\Sulfur_Field.jpg
Sulfur Mine,https://foxhole.wiki.gg/wiki/Sulfur_Mine,,https://foxhole.wiki.gg/images/SulfurMineStructureIcon.png?ba1218,foxhole_items\images\Sulfur_Mine.png
Swallowtail 988/127-2,https://foxhole.wiki.gg/wiki/Swallowtail_988/127-2,,https://foxhole.wiki.gg/images/FieldMachineGunWar.png?a729cf,foxhole_items\images\Swallowtail_988_127-2.png
T12 “Actaeon” Tankette,https://foxhole.wiki.gg/wiki/T12_%E2%80%9CActaeon%E2%80%9D_Tankette,,https://foxhole.wiki.gg/images/TanketteCVehicleIcon.png?788760,foxhole_items\images\T12_Actaeon_Tankette.png
T13 “Deioneus” Rocket Battery,https://foxhole.wiki.gg/wiki/T13_%E2%80%9CDeioneus%E2%80%9D_Rocket_Battery,,https://foxhole.wiki.gg/images/TanketteMultiCIcon.png?341c9d,foxhole_items\images\T13_Deioneus_Rocket_Battery.png
T14 “Vesta” Tankette,https://foxhole.wiki.gg/wiki/T14_%E2%80%9CVesta%E2%80%9D_Tankette,,https://foxhole.wiki.gg/images/TanketteFlameCIcon.png?65db14,foxhole_items\images\T14_Vesta_Tankette.png
T20 “Ixion” Tankette,https://foxhole.wiki.gg/wiki/T20_%E2%80%9CIxion%E2%80%9D_Tankette,,https://foxhole.wiki.gg/images/TanketteOffensiveCVehicleIcon.png?d9a7f7,foxhole_items\images\T20_Ixion_Tankette.png
T3 “Xiphos”,https://foxhole.wiki.gg/wiki/T3_%E2%80%9CXiphos%E2%80%9D,,https://foxhole.wiki.gg/images/ArmoredCarVehicleIcon.png?308725,foxhole_items\images\T3_Xiphos.png
T5 “Percutio”,https://foxhole.wiki.gg/wiki/T5_%E2%80%9CPercutio%E2%80%9D,,https://foxhole.wiki.gg/images/ArmoredCarOffensiveCVehicleIcon.png?16e573,foxhole_items\images\T5_Percutio.png
T8 “Gemini”,https://foxhole.wiki.gg/wiki/T8_%E2%80%9CGemini%E2%80%9D,,https://foxhole.wiki.gg/images/ArmoredCarTwinCItemIcon.png?d31847,foxhole_items\images\T8_Gemini.png
Tank Uniform,https://foxhole.wiki.gg/wiki/Tank_Uniform,"The Tank Uniform is a type of Uniform that is specially designed to aid vehicle crews in combat, allowing the vehicle and their crew to stay in combat for much longer.",https://foxhole.wiki.gg/images/thumb/TankUniformWIcon.png/120px-TankUniformWIcon.png?aebe3c,foxhole_items\images\Tank_Uniform.png
Tankman's Coveralls,https://foxhole.wiki.gg/wiki/Tankman%27s_Coveralls,,https://foxhole.wiki.gg/images/TankUniformCIcon.png?ffe013,foxhole_items\images\Tankman_s_Coveralls.png
Tempest Cannon RA-2,https://foxhole.wiki.gg/wiki/Tempest_Cannon_RA-2,,https://foxhole.wiki.gg/images/TrainLRArtilleryVehicleIcon.png?fb4ead,foxhole_items\images\Tempest_Cannon_RA-2.png
Tenta Torpedo,https://foxhole.wiki.gg/wiki/Tenta_Torpedo,,https://foxhole.wiki.gg/images/AircraftTorpedoAmmoIcon.png?5026fc,foxhole_items\images\Tenta_Torpedo.png
The Hangman 757,https://foxhole.wiki.gg/wiki/The_Hangman_757,,https://foxhole.wiki.gg/images/RevolvingRifleWItemIcon.png?411f7f,foxhole_items\images\The_Hangman_757.png
The Ospreay,https://foxhole.wiki.gg/wiki/The_Ospreay,,https://foxhole.wiki.gg/images/GrenadeAdapterIcon.png?f49f4f,foxhole_items\images\The_Ospreay.png
Thermal Shielding,https://foxhole.wiki.gg/wiki/Thermal_Shielding,,https://foxhole.wiki.gg/images/FacilityMaterials11Icon.png?4303a7,foxhole_items\images\Thermal_Shielding.png
Titan,https://foxhole.wiki.gg/wiki/Titan,,https://foxhole.wiki.gg/images/LargeShipBattleshipCIcon.png?29878a,foxhole_items\images\Titan.png
Toxot-902 “Blind Silver”,https://foxhole.wiki.gg/wiki/Toxot-902_%E2%80%9CBlind_Silver%E2%80%9D,,https://foxhole.wiki.gg/images/thumb/PrototypeKitIcon.png/48px-PrototypeKitIcon.png?2d1d4c,foxhole_items\images\Toxot-902_Blind_Silver.png
Trauma Kit,https://foxhole.wiki.gg/wiki/Trauma_Kit,,https://foxhole.wiki.gg/images/TraumaKitItemIcon.png?c81ea0,foxhole_items\images\Trauma_Kit.png
Tremola Grenade GPb-1,https://foxhole.wiki.gg/wiki/Tremola_Grenade_GPb-1,,https://foxhole.wiki.gg/images/HELaunchedGrenadeItemIcon.png?3aa138,foxhole_items\images\Tremola_Grenade_GPb-1.png
Tripod,https://foxhole.wiki.gg/wiki/Tripod,,https://foxhole.wiki.gg/images/DeployableTripodItemIcon.png?d38754,foxhole_items\images\Tripod.png
Tulka I1.9 White Raven,https://foxhole.wiki.gg/wiki/Tulka_I1.9_White_Raven,,https://foxhole.wiki.gg/images/AircraftWaterWIcon.png?192fb2,foxhole_items\images\Tulka_I1_9_White_Raven.png
Tulka P4 Welkinrive,https://foxhole.wiki.gg/wiki/Tulka_P4_Welkinrive,,https://foxhole.wiki.gg/images/thumb/PrototypeKitIcon.png/48px-PrototypeKitIcon.png?2d1d4c,foxhole_items\images\Tulka_P4_Welkinrive.png
Type B - “Lucian”,https://foxhole.wiki.gg/wiki/Type_B_-_%E2%80%9CLucian%E2%80%9D,,https://foxhole.wiki.gg/images/thumb/PrototypeKitIcon.png/48px-PrototypeKitIcon.png?2d1d4c,foxhole_items\images\Type_B_-_Lucian.png
Type C - “Charon”,https://foxhole.wiki.gg/wiki/Type_C_-_%E2%80%9CCharon%E2%80%9D,,https://foxhole.wiki.gg/images/GunBoatCHullIcon.png?82c0e7,foxhole_items\images\Type_C_-_Charon.png
UV-24 “Icarus”,https://foxhole.wiki.gg/wiki/UV-24_%E2%80%9CIcarus%E2%80%9D,,https://foxhole.wiki.gg/images/ScoutVehicleOffensiveVehicleIcon.png?907747,foxhole_items\images\UV-24_Icarus.png
Uniforms,https://foxhole.wiki.gg/wiki/Uniforms,"Uniforms are an equippable item that allows the player to specialize in a type of role, giving them buffs, and allowing the player to do better in certain roles. Unlike other pieces of equipment, the player wears it at all time, and can only swap uniforms and not fully removed them.",https://foxhole.wiki.gg/images/IconFilterWeaponsStructures.png?79e891,foxhole_items\images\Uniforms.png
Unstable Substances,https://foxhole.wiki.gg/wiki/Unstable_Substances,,https://foxhole.wiki.gg/images/FacilityMaterials10Icon.png?308d3c,foxhole_items\images\Unstable_Substances.png
Utility,https://foxhole.wiki.gg/wiki/Utility,"Utility items are tools and equipments that help you in the war. They are found in the ""Utility""  section of stockpiles. Most of them are produced at Factories.",https://foxhole.wiki.gg/images/IconFilterUtility.png?18e749,foxhole_items\images\Utility.png
V-1 Tzykalia,https://foxhole.wiki.gg/wiki/V-1_Tzykalia,,https://foxhole.wiki.gg/images/thumb/PrototypeKitIcon.png/48px-PrototypeKitIcon.png?2d1d4c,foxhole_items\images\V-1_Tzykalia.png
V-5b Pegasus,https://foxhole.wiki.gg/wiki/V-5b_Pegasus,,https://foxhole.wiki.gg/images/AircraftParatrooperCIcon.png?15d8cc,foxhole_items\images\V-5b_Pegasus.png
Velian Flak Vest,https://foxhole.wiki.gg/wiki/Velian_Flak_Vest,,https://foxhole.wiki.gg/images/ArmourUniformC.png?347b74,foxhole_items\images\Velian_Flak_Vest.png
Venom c.II 35,https://foxhole.wiki.gg/wiki/Venom_c.II_35,,https://foxhole.wiki.gg/images/ATRPGCItemIcon.png?d1e77c,foxhole_items\images\Venom_c_II_35.png
Volta r.I Repeater,https://foxhole.wiki.gg/wiki/Volta_r.I_Repeater,,https://foxhole.wiki.gg/images/RifleHeavyCItemIcon.png?fa98dc,foxhole_items\images\Volta_r_I_Repeater.png
War Ensign,https://foxhole.wiki.gg/wiki/War_Ensign,,https://foxhole.wiki.gg/images/BannerTWItemIcon.png?d84fa7,foxhole_items\images\War_Ensign.png
Warden Aircraft Engine (Large),https://foxhole.wiki.gg/wiki/Warden_Aircraft_Engine_(Large),,https://foxhole.wiki.gg/images/thumb/PrototypeKitIcon.png/48px-PrototypeKitIcon.png?2d1d4c,foxhole_items\images\Warden_Aircraft_Engine_Large.png
Warden Aircraft Engine (Small),https://foxhole.wiki.gg/wiki/Warden_Aircraft_Engine_(Small),,https://foxhole.wiki.gg/images/thumb/PrototypeKitIcon.png/48px-PrototypeKitIcon.png?2d1d4c,foxhole_items\images\Warden_Aircraft_Engine_Small.png
Warden Aircraft Mechanical Parts (Large),https://foxhole.wiki.gg/wiki/Warden_Aircraft_Mechanical_Parts_(Large),,https://foxhole.wiki.gg/images/thumb/PrototypeKitIcon.png/48px-PrototypeKitIcon.png?2d1d4c,foxhole_items\images\Warden_Aircraft_Mechanical_Parts_Large.png
Warden Aircraft Mechanical Parts (Small),https://foxhole.wiki.gg/wiki/Warden_Aircraft_Mechanical_Parts_(Small),,https://foxhole.wiki.gg/images/thumb/PrototypeKitIcon.png/48px-PrototypeKitIcon.png?2d1d4c,foxhole_items\images\Warden_Aircraft_Mechanical_Parts_Small.png
Water,https://foxhole.wiki.gg/wiki/Water,,https://foxhole.wiki.gg/images/WaterIcon.png?17ecd7,foxhole_items\images\Water.png
Water Bucket,https://foxhole.wiki.gg/wiki/Water_Bucket,,https://foxhole.wiki.gg/images/LoreBucket.png?2b4a97,foxhole_items\images\Water_Bucket.png
Water Pump,https://foxhole.wiki.gg/wiki/Water_Pump,,https://foxhole.wiki.gg/images/FacilityMineWaterIcon.png?8f761b,foxhole_items\images\Water_Pump.png
Weapons,https://foxhole.wiki.gg/wiki/Weapons,Foxhole features a wide variety of weapons for player soldiers to use with the right ammunition.,https://foxhole.wiki.gg/images/thumb/SubtypeAntiTank.png/24px-SubtypeAntiTank.png?faac2b,foxhole_items\images\Weapons.png
Weapons/zh,https://foxhole.wiki.gg/wiki/Weapons/zh,Foxhole features a wide variety of weapons for player soldiers to use with the right ammunition.,https://foxhole.wiki.gg/images/thumb/SubtypeAntiTank.png/24px-SubtypeAntiTank.png?faac2b,foxhole_items\images\Weapons_zh.png
Willow's Bane Ammo,https://foxhole.wiki.gg/wiki/Willow%27s_Bane_Ammo,,https://foxhole.wiki.gg/images/FlamePackWIcon.png?817309,foxhole_items\images\Willow_s_Bane_Ammo.png
Willow's Bane Model 845,https://foxhole.wiki.gg/wiki/Willow%27s_Bane_Model_845,,https://foxhole.wiki.gg/images/FlamegunWICon.png?ef2f59,foxhole_items\images\Willow_s_Bane_Model_845.png
Wind Sock,https://foxhole.wiki.gg/wiki/Wind_Sock,,https://foxhole.wiki.gg/images/WindsockItemIcon.png?cb4dc0,foxhole_items\images\Wind_Sock.png
Wounded Player,https://foxhole.wiki.gg/wiki/Wounded_Player,,https://foxhole.wiki.gg/images/WoundedIcon.png?988813,foxhole_items\images\Wounded_Player.png
Wreckage,https://foxhole.wiki.gg/wiki/Wreckage,,https://foxhole.wiki.gg/images/Salvage02Icon.png?157e8f,foxhole_items\images\Wreckage.png
Wrench,https://foxhole.wiki.gg/wiki/Wrench,,https://foxhole.wiki.gg/images/WorkWrench.png?3c724b,foxhole_items\images\Wrench.png
“Dawn” Ve.II,https://foxhole.wiki.gg/wiki/%E2%80%9CDawn%E2%80%9D_Ve.II,,https://foxhole.wiki.gg/images/ATRifleLightCIcon.png?fb320c,foxhole_items\images\Dawn_Ve_II.png
“Dusk” ce.III,https://foxhole.wiki.gg/wiki/%E2%80%9CDusk%E2%80%9D_ce.III,,https://foxhole.wiki.gg/images/AssaultRifleHeavyCItemIcon.png?6655c8,foxhole_items\images\Dusk_ce_III.png
“Lionclaw” mc.VIII,https://foxhole.wiki.gg/wiki/%E2%80%9CLionclaw%E2%80%9D_mc.VIII,,https://foxhole.wiki.gg/images/SMGHeavyCItemIcon.png?7e9698,foxhole_items\images\Lionclaw_mc_VIII.png
“Molten Wind” v.II Ammo,https://foxhole.wiki.gg/wiki/%E2%80%9CMolten_Wind%E2%80%9D_v.II_Ammo,,https://foxhole.wiki.gg/images/FlamePackCIcon.png?108df5,foxhole_items\images\Molten_Wind_v_II_Ammo.png
“Molten Wind” v.II Flame Torch,https://foxhole.wiki.gg/wiki/%E2%80%9CMolten_Wind%E2%80%9D_v.II_Flame_Torch,,https://foxhole.wiki.gg/images/FlamegunCICon.png?7fc955,foxhole_items\images\Molten_Wind_v_II_Flame_Torch.png
“Quickhatch” Rt.I,https://foxhole.wiki.gg/wiki/%E2%80%9CQuickhatch%E2%80%9D_Rt.I,,https://foxhole.wiki.gg/images/ATRifleSniperCIcontga.png?689394,foxhole_items\images\Quickhatch_Rt_I.png
“The Pitch Gun” mc.V,https://foxhole.wiki.gg/wiki/%E2%80%9CThe_Pitch_Gun%E2%80%9D_mc.V,,https://foxhole.wiki.gg/images/SMGCItemIcon.png?a9b9ab,foxhole_items\images\The_Pitch_Gun_mc_V.png
“Typhon” ra.XII,https://foxhole.wiki.gg/wiki/%E2%80%9CTyphon%E2%80%9D_ra.XII,,https://foxhole.wiki.gg/images/ATRifleTCIcon.png?b9c954,foxhole_items\images\Typhon_ra_XII.png
